series.release	series.code	series.description	geoAreaCode	X	Y	ISO3CD	geoAreaName	sliceId	Freq	Units	2000	2001	2002	2003	2004	2005	2006	2007	2008	2009	2010	2011	2012	2013	2014	2015	last.5.years.mean	latest.year	latest.value	latest.source
2017.Q2.G.01	IT_USE_ii99	Proportion of individuals using the Internet	4	66.02688198	33.83160199	AFG	Afghanistan	1	ANNUAL	PERCENT		0.0047225682422	0.0045613951702	0.087891252856	0.105809030022	1.2241480837247	2.1071236454641	1.9	1.84	3.55	4	5	5.4545454545455	5.9	7	8.26	6.3229090909091	2015	8.26	ITU estimate.
2017.Q2.G.01	IT_USE_ii99	Proportion of individuals using the Internet	8	20.06660928	41.13897007	ALB	Albania	1	ANNUAL	PERCENT	0.1140973465521	0.325798377068	0.3900812734333	0.9719004151959	2.4203877977601	6.0438908640481	9.6099913157712	15.0361154084109	23.86	41.2	45	49	54.6559590399494	57.2	60.1	63.252932696931	56.8417783473761	2015	63.252932696931	ITU estimate.
2017.Q2.G.01	IT_USE_ii99	Proportion of individuals using the Internet	10	21.47585697	-80.40897662	ATA	Antarctica	1	ANNUAL	PERCENT																				
2017.Q2.G.01	IT_USE_ii99	Proportion of individuals using the Internet	12	2.678164227	28.15940032	DZA	Algeria	1	ANNUAL	PERCENT	0.4917056791416	0.6461140167038	1.5916412603583	2.1953597308614	4.6344750877654	5.8439420920126	7.3759849563489	9.451190625553	10.18	11.23	12.5	14	15.2280267564417	16.5	25	38.2	21.7856053512883	2015	38.2	ITU estimate.
2017.Q2.G.01	IT_USE_ii99	Proportion of individuals using the Internet	16	-170.7187269	-14.30587306	ASM	American Samoa	1	ANNUAL	PERCENT																				
2017.Q2.G.01	IT_USE_ii99	Proportion of individuals using the Internet	20	1.576257417	42.54548611	AND	Andorra	1	ANNUAL	PERCENT	10.53883560922		11.2604687170103	13.546412876439	26.8379543894637	37.6057662174867	48.9368469989479	70.87	70.04	78.53	81	81	86.4344246167258	94	95.9	96.91	90.8488849233452	2015	96.91	ITU estimate.
2017.Q2.G.01	IT_USE_ii99	Proportion of individuals using the Internet	24	17.57817062	-12.33724746	AGO	Angola	1	ANNUAL	PERCENT	0.1050455624623	0.1360138674299	0.2703767455951	0.3706820652257	0.4648146179859	1.1433668265595	1.5	1.7	1.9	2.3	2.8	3.1	6.5	8.9	10.2	12.4	8.22	2015	12.4	ITU estimate.
2017.Q2.G.01	IT_USE_ii99	Proportion of individuals using the Internet	28	-61.7999755	17.07761471	ATG	Antigua and Barbuda	1	ANNUAL	PERCENT	6.4822257370291	8.8992855145058	12.5	17.2286487816884	24.2665437161785	27	30	34	38	42	47	52	58	63.4	64	65.2	60.52	2015	65.2	ITU estimate.
2017.Q2.G.01	IT_USE_ii99	Proportion of individuals using the Internet	31	50.01064725	40.39229544	AZE	Azerbaijan	1	ANNUAL	PERCENT	0.1477575756233	0.3055646376156	4.9997136781296			8.0303753561645	11.9921773343674	14.54	17.08	27.4	46	50	54.2	73.000001372	75.0000156363396	77	65.8400034016679	2015	77	State Statistical Committee of the Republic of Azerbaijan
2017.Q2.G.01	IT_USE_ii99	Proportion of individuals using the Internet	32	-65.14563274	-35.19446255	ARG	Argentina	1	ANNUAL	PERCENT	7.0386830862178	9.7808072853241	10.8821243775325	11.9136965509954	16.0366841054923	17.7205833696065	20.9272021035896	25.9466329403819	28.1126234799907	34	45	51	55.8	59.9	64.7	69.40092102179	60.160184204358	2015	69.40092102179	ITU estimate.
2017.Q2.G.01	IT_USE_ii99	Proportion of individuals using the Internet	36	134.3499412	-25.57717202	AUS	Australia	1	ANNUAL	PERCENT	46.7561156116738	52.6892664310395				63	66	69.45	71.67	74.25	76	79.4876977139029	79	83.453497167	84	84.560519347399	82.1003428456604	2015	84.560519347399	Australian Bureau of Statistics
2017.Q2.G.01	IT_USE_ii99	Proportion of individuals using the Internet	40	14.14172472	47.58704857	AUT	Austria	1	ANNUAL	PERCENT	33.7301329516915	39.1854501811114	36.56	42.7	54.28	58	63.6	69.37	72.87	73.45	75.17	78.7399930986888	80.0299939169903	80.6188	81	83.9263	80.8630174031358	2015	83.9263	Eurostat.
2017.Q2.G.01	IT_USE_ii99	Proportion of individuals using the Internet	44	-78.05111663	24.69546597	BHS	Bahamas	1	ANNUAL	PERCENT	8	11.8	18	20	22	25	26	27	31.54	33.88	43	65	71.7482028146963	72	76.92	78	72.7336405629393	2015	78	ITU estimate.
2017.Q2.G.01	IT_USE_ii99	Proportion of individuals using the Internet	48	50.5490754	26.04407747	BHR	Bahrain	1	ANNUAL	PERCENT	6.1537325464761	15.0386342513918	18.0507208881153	21.5549449917804	21.4586805077435	21.3037335136591	28.2439524318043	32.91	51.95	53	55	76.9999665032303	88	90.0000397	90.5031334814656	93.4783011354165	87.7962881640225	2015	93.4783011354165	Telecommunications Regulatory Authority (TRA)
2017.Q2.G.01	IT_USE_ii99	Proportion of individuals using the Internet	50	89.17660788	22.86961622	BGD	Bangladesh	1	ANNUAL	PERCENT	0.0710394230508	0.1298079739475	0.1399202885091	0.163877665498	0.1990363337444	0.2416373256367	1	1.8	2.5	3.1	3.7	4.5	5	6.63	13.9	14.4	8.886	2015	14.4	ITU estimate.
2017.Q2.G.01	IT_USE_ii99	Proportion of individuals using the Internet	51	44.93839317	40.29499741	ARM	Armenia	1	ANNUAL	PERCENT	1.3004700223778	1.6310946667772	1.9604050458212	4.5752172247778	4.8990085713054	5.252983351958	5.6317877773161	6.0212533971261	6.21	15.3	25	32	37.5	41.9	54.6228058583362	58.2493322231746	44.8544276163022	2015	58.2493322231746	ITU estimate.
2017.Q2.G.01	IT_USE_ii99	Proportion of individuals using the Internet	52	-59.5346489	13.13648273	BRB	Barbados	1	ANNUAL	PERCENT	3.9736783545793	11.9364503383984	27.836322424146	39.6896271159532	49.8	52.5	55.3	58.2	61.4	64.7	65.1	66.5	71.2	71.8	75.16	76.11	72.154	2015	76.11	ITU estimate.
2017.Q2.G.01	IT_USE_ii99	Proportion of individuals using the Internet	56	4.660976456	50.64104975	BEL	Belgium	1	ANNUAL	PERCENT	29.4316916924341	31.2883955056566	46.33	49.97	53.86	55.82	59.72	64.44	66	70	75	81.6099959955952	80.7199905482042	82.1702	85	85.0529	82.9106173087599	2015	85.0529	Eurostat.
2017.Q2.G.01	IT_USE_ii99	Proportion of individuals using the Internet	60	-64.78155012	32.27881922	BMU	Bermuda	1	ANNUAL	PERCENT	42.9498600152711	47.5096998970623	52.0315973700393	56.5220121836337	60.9908670086326	65.4470657898838	69.8996551617012	74.3505940302669	82.3	83.25	84.21	88.336	91.2993045243401	95.3	96.8	98.3236096537251	94.011782835613	2015	98.3236096537251	ITU estimate.
2017.Q2.G.01	IT_USE_ii99	Proportion of individuals using the Internet	64	90.45098484	27.39598568	BTN	Bhutan	1	ANNUAL	PERCENT	0.4009444469194	0.8646285642151	1.6758025837524	2.4369123994977	3.1569841961371	3.8471067449014	4.5183172581646	5.92	6.55	7.17	13.6	14.4	15.6	22.4	30.3	39.8	24.5	2015	39.8	ITU estimate.
2017.Q2.G.01	IT_USE_ii99	Proportion of individuals using the Internet	68	-64.66224284	-16.71273412	BOL	Bolivia (Plurinational State of)	1	ANNUAL	PERCENT	1.4427635847914	2.1204625341365	3.11719294697	3.5085964007234	4.4399246012004	5.227583956632	6.2006712547358	10.4992443168903	12.5	16.8	22.4	30	35.34	36.99	34.6	45.1	36.406	2015	45.1	ITU estimate.
2017.Q2.G.01	IT_USE_ii99	Proportion of individuals using the Internet	70	17.78584332	44.16845548	BIH	Bosnia and Herzegovina	1	ANNUAL	PERCENT	1.0829607497121	1.2005269512965	2.6482679136124	3.9650368338705	15.4689716227665	21.3267010007738	25.1223856852117	27.92	34.66	37.74	42.75	47.77	52.78	57.79	60.8	65.065502803344	56.8411005606688	2015	65.065502803344	ITU estimate.
2017.Q2.G.01	IT_USE_ii99	Proportion of individuals using the Internet	72	23.81380223	-22.18810073	BWA	Botswana	1	ANNUAL	PERCENT	2.9026666217721	3.430886787026	3.3859223506427	3.3451901740614	3.3048892531611	3.2625540360512	4.2899329751597	5.28	6.25	6.15	6	8	11.5	15	18.5	27.5	16.1	2015	27.5	ITU estimate.
2017.Q2.G.01	IT_USE_ii99	Proportion of individuals using the Internet	74	3.410732868	-54.43295905	BVT	Bouvet Island	1	ANNUAL	PERCENT																				
2017.Q2.G.01	IT_USE_ii99	Proportion of individuals using the Internet	76	-53.08432878	-10.77668561	BRA	Brazil	1	ANNUAL	PERCENT	2.8706851585411	4.5284948690285	9.1494250856075	13.2075861035303	19.073672274442	21.022747248827	28.1783801797929	30.88	33.83	39.22	40.65	45.69	48.56	51.04	54.5510018796392	59.079477910505	51.7840959580288	2015	59.079477910505	ITU estimate.
2017.Q2.G.01	IT_USE_ii99	Proportion of individuals using the Internet	84	-88.70199554	17.19965901	BLZ	Belize	1	ANNUAL	PERCENT	5.9638353027243		5.6842512135876		9.8	17	24	24.6	26.3	27.2	28.2	30.7	31	33.6	38.7	41.589999999835	35.117999999967	2015	41.589999999835	ITU estimate.
2017.Q2.G.01	IT_USE_ii99	Proportion of individuals using the Internet	86	72.38715553	-7.299281071	IOT	British Indian Ocean Territory	1	ANNUAL	PERCENT																				
2017.Q2.G.01	IT_USE_ii99	Proportion of individuals using the Internet	90	160.1584117	-9.622391719	SLB	Solomon Islands	1	ANNUAL	PERCENT	0.4812968061144	0.4685519635841	0.501919843401	0.5556098818551	0.6496726732515	0.8443075728057	1.6463479885744	2	3	4	5	6	6.9974	8	9	10.000464982561	7.9995729965122	2015	10.000464982561	ITU estimate.
2017.Q2.G.01	IT_USE_ii99	Proportion of individuals using the Internet	92	-64.63294223	18.42256578	VGB	British Virgin Islands	1	ANNUAL	PERCENT			18.8857412653447							36	37	37.4	37.6				37.5	2012	37.6	
2017.Q2.G.01	IT_USE_ii99	Proportion of individuals using the Internet	96	114.6288563	4.49736984	BRN	Brunei Darussalam	1	ANNUAL	PERCENT	8.9962845344873	12.9177690823013	15.329879855735	19.5950032207342	29.7156041447864	36.4663919475782	42.1863491609307	44.68	46	49	53	56	60.2730650423193	64.5	68.77	71.2	64.1486130084639	2015	71.2	ITU estimate.
2017.Q2.G.01	IT_USE_ii99	Proportion of individuals using the Internet	100	25.23763153	42.75731323	BGR	Bulgaria	1	ANNUAL	PERCENT	5.370923469087	7.6122977487982	9.08	12.04	18.13	19.97	27.09	33.64	39.67	45	46.23	47.9799930506026	51.8999876658503	53.0615	55.49	56.6563	53.0175561432906	2015	56.6563	Eurostat.
2017.Q2.G.01	IT_USE_ii99	Proportion of individuals using the Internet	104	96.51752295	21.19332882	MMR	Myanmar	1	ANNUAL	PERCENT		0.0002892773808	0.0004264935064	0.0240641491408	0.0243373920028	0.0652388555011	0.1820483310612	0.21712844507	0.22	0.22	0.25	0.98	1.44	1.8	11.52	21.8	7.508	2015	21.8	ITU estimate.
2017.Q2.G.01	IT_USE_ii99	Proportion of individuals using the Internet	108	29.89080992	-3.366387428	BDI	Burundi	1	ANNUAL	PERCENT	0.0772484473835	0.1060012453632	0.1182284122678	0.2012731967359	0.3490604618796	0.5421428657591	0.6575925903519	0.7	0.81	0.9	1	1.11	1.2199999447779	1.2642181112	1.38	4.8662244635951	1.9680885039146	2015	4.8662244635951	ITU estimate.
2017.Q2.G.01	IT_USE_ii99	Proportion of individuals using the Internet	112	28.04940161	53.54193075	BLR	Belarus	1	ANNUAL	PERCENT	1.8603981261539	4.3006160215171	8.9509713146733				16.2	19.7	23	27.43	31.8	39.6488956598961	46.91	54.17	59.02	62.230360906803	52.3958513133398	2015	62.230360906803	National Statistical Committee of the Republic of Belarus (Belstat)
2017.Q2.G.01	IT_USE_ii99	Proportion of individuals using the Internet	116	104.922836	12.71163737	KHM	Cambodia	1	ANNUAL	PERCENT	0.0470226400689	0.0769560555527	0.2269832376662	0.260570197574	0.3004366443601	0.3173217810897	0.4683567200638	0.49	0.51	0.53	1.26	3.1	4.94	6.8	14	19	9.568	2015	19	ITU estimate.
2017.Q2.G.01	IT_USE_ii99	Proportion of individuals using the Internet	120	12.7419827	5.692387031	CMR	Cameroon	1	ANNUAL	PERCENT	0.2521200777337	0.2770513218488	0.3608715842678	0.5876226111305	0.9760754154909	1.4026542257596	2.0287447914719	2.93	3.4	3.84	4.3	5			16.2148722257524	20.6801476606263	13.9650066287929	2015	20.6801476606263	ITU estimate.
2017.Q2.G.01	IT_USE_ii99	Proportion of individuals using the Internet	124	-101.6575058	57.72360191	CAN	Canada	1	ANNUAL	PERCENT	51.3	60.2	61.5932992681952	64.2	65.9559634648989	71.66	72.4	73.2	76.7	80.3	80.3	83	83	85.8	87.12	88.47	85.478	2015	88.47	ITU estimate.
2017.Q2.G.01	IT_USE_ii99	Proportion of individuals using the Internet	132	-23.63544151	15.07791834	CPV	Cabo Verde	1	ANNUAL	PERCENT	1.822443851644	2.6853327127231	3.5187571749658	4.3248853905372	5.3188320695788	6.0740871065981	6.8089110075331	8.2832198195303	14	21	30	32	34.74	37.5	40.26	43.019626357101	37.5039252714202	2015	43.019626357101	ITU estimate.
2017.Q2.G.01	IT_USE_ii99	Proportion of individuals using the Internet	136	-81.16740559	19.32266656	CYM	Cayman Islands	1	ANNUAL	PERCENT						38.0343830823064	44.5	52	61	64.5	66	69.46594499	69.7	71.4	74.1	77	72.333188998	2015	77	ITU estimate.
2017.Q2.G.01	IT_USE_ii99	Proportion of individuals using the Internet	140	20.93559492	7.003720791	CAF	Central African Republic	1	ANNUAL	PERCENT	0.053394174215	0.0785434278394	0.1285371165063	0.15156333794	0.2234013954644	0.268195609199	0.3111591732357	0.3758159610448	1	1.8	2	2.2	3	3.5	4.03	4.563264351542	3.4586528703084	2015	4.563264351542	ITU estimate.
2017.Q2.G.01	IT_USE_ii99	Proportion of individuals using the Internet	144	80.70489654	7.614693343	LKA	Sri Lanka	1	ANNUAL	PERCENT	0.647410010941	0.7938218643626	1.0504227058532	1.4585802284241	1.4461599804149	1.7920467939259	2.5375661289733	3.88	5.8	8.78	12	15	18.2854	21.9	25.8	29.988737549341	22.1948275098682	2015	29.988737549341	ITU estimate.
2017.Q2.G.01	IT_USE_ii99	Proportion of individuals using the Internet	148	18.66618401	15.36279341	TCD	Chad	1	ANNUAL	PERCENT	0.0357070762856	0.0459341343557	0.1660696646743	0.3203085553668	0.3609201070345	0.399257700084	0.5810457642296	0.847224520711	1.19	1.5	1.7	1.9	2.1000000000545	2.3	2.5	2.70000000055	2.3000000001209	2015	2.70000000055	ITU estimate.
2017.Q2.G.01	IT_USE_ii99	Proportion of individuals using the Internet	152	-71.23029019	-35.2652885	CHL	Chile	1	ANNUAL	PERCENT	16.6	19.1	22.1	25.4737788864723	28.1779101232438	31.1753470303684	34.4977511736017	35.9	37.3	41.56	45	52.2496072877744	55.05	58	61.11	64.289	58.1397214575549	2015	64.289	ITU estimate.
2017.Q2.G.01	IT_USE_ii99	Proportion of individuals using the Internet	156	104.1403375	32.30955217	CHN	China	1	ANNUAL	PERCENT	1.7759132067742	2.6396502148587	4.5957043307755	6.2	7.3	8.5232570026954	10.5231526193851	16	22.6	28.9	34.3	38.3	42.3001174855995	45.8	47.9	50.3	44.9200234971199	2015	50.3	ITU estimate.
2017.Q2.G.01	IT_USE_ii99	Proportion of individuals using the Internet	162	105.6426067	-10.4882473	CXR	Christmas Island	1	ANNUAL	PERCENT																				
2017.Q2.G.01	IT_USE_ii99	Proportion of individuals using the Internet	166	96.82633757	-12.18600682	CCK	Cocos (Keeling) Islands	1	ANNUAL	PERCENT																				
2017.Q2.G.01	IT_USE_ii99	Proportion of individuals using the Internet	170	-73.07446751	3.888209046	COL	Colombia	1	ANNUAL	PERCENT	2.207532992624	2.8541999713343	4.6	7.3889237105256	9.1186903029666	11.0072638904585	15.3416745365682	21.8	25.6	30	36.5	40.3509157546318	48.98	51.7	52.57	55.9049725142924	49.9011776537848	2015	55.9049725142924	Departamento Administrativo Nacional de Estadistica (DANE)
2017.Q2.G.01	IT_USE_ii99	Proportion of individuals using the Internet	174	43.34234565	-11.66121732	COM	Comoros	1	ANNUAL	PERCENT	0.2717406072859	0.443068372539	0.5548696749851	0.8481893701515	1.3273271778536	2	2.2	2.5	3	3.5	5.1	5.5	5.9752963084286	6.5	6.98	7.459161385649	6.48289153881552	2015	7.459161385649	ITU estimate.
2017.Q2.G.01	IT_USE_ii99	Proportion of individuals using the Internet	175	45.14015057	-12.82217691	MYT	Mayotte	1	ANNUAL	PERCENT	1.2115338017931																	2000	1.2115338017931	
2017.Q2.G.01	IT_USE_ii99	Proportion of individuals using the Internet	178	15.22052612	-0.840544119	COG	Congo	1	ANNUAL	PERCENT	0.026354732058	0.0322236164307	0.157249517244	0.4600141868375	1.0775049295851	1.4634200595085	2.0079900793816	2.759704373709	4.2875099027648	4.5	5	5.6	6.1066950243584	6.6	7.11	7.61597466209	6.60653393728968	2015	7.61597466209	ITU estimate.
2017.Q2.G.01	IT_USE_ii99	Proportion of individuals using the Internet	180	23.65496507	-2.877154732	COD	Democratic Republic of the Congo	1	ANNUAL	PERCENT	0.0059021136807	0.011475781921	0.0927907024607	0.1349148374373	0.196208375178	0.2380377986928	0.2960536103088	0.37	0.44	0.56	0.72	1.2	1.679961014645	2.2	3	3.799999507273	2.3759921043836	2015	3.799999507273	ITU estimate.
2017.Q2.G.01	IT_USE_ii99	Proportion of individuals using the Internet	184	-159.7711391	-21.22696458	COK	Cook Islands	1	ANNUAL	PERCENT	15.6561343580985	18.0831826401447	20.0189067452594	22.869588891914	23.9936017062117	26.1999580800671	25.8571650204272	25.6003276841944	25.41	30.29	35.71	39.0287889920513	42	45	48	51.000009033793	45.0057596051689	2015	51.000009033793	ITU estimate.
2017.Q2.G.01	IT_USE_ii99	Proportion of individuals using the Internet	188	-84.19712782	9.970998683	CRI	Costa Rica	1	ANNUAL	PERCENT	5.8002530233183	9.5594821349709	19.8948511346293	20.3336148143541	20.7923067055542	22.07	25.1	28.4	32.29	34.33	36.5	39.2121959961842	47.5	45.96	53	59.7629501371681	49.0870292266705	2015	59.7629501371681	Instituto Nacional de Estadística y Censos
2017.Q2.G.01	IT_USE_ii99	Proportion of individuals using the Internet	191	17.95874553	45.45172212	HRV	Croatia	1	ANNUAL	PERCENT	6.644882543744	11.5585731811648	17.76	22.75	30.91	33.14	37.98	41.44	44.24	50.58	56.55	57.7899789891444	61.9399731527956	66.7476	68.57	69.8031	64.970130428388	2015	69.8031	Eurostat.
2017.Q2.G.01	IT_USE_ii99	Proportion of individuals using the Internet	192	-79.54460144	22.10030366	CUB	Cuba	1	ANNUAL	PERCENT	0.5411825488111	1.0797517218891	3.7705850376901	5.2412690536929	8.407984759007	9.7380622078135	11.1596013147617	11.69	12.94	14.33	15.9	16.0172907996413	21.2	27.93	29.0701843656523	37.3050974155373	26.3045145161662	2015	37.3050974155373	Oficina Nacional de Estadística e Información (ONEI)
2017.Q2.G.01	IT_USE_ii99	Proportion of individuals using the Internet	196	33.22285964	35.05659437	CYP	Cyprus	1	ANNUAL	PERCENT	15.2553943710137	18.8187590408455	28.32	30.09	33.83	32.81	35.83	40.77	42.31	49.81	52.99	56.8598923503507	60.6898684001903	65.4548	69.33	71.7159	64.8100921501082	2015	71.7159	Eurostat.
2017.Q2.G.01	IT_USE_ii99	Proportion of individuals using the Internet	203	15.33151382	49.73913871	CZE	Czechia	1	ANNUAL	PERCENT	9.7805278883439	14.6971721171129	23.93	34.3	35.5	35.27	47.93	51.93	62.97	64.43	68.82	70.49	73.4300078241036	74.1104	79.71	81.2986	75.8078015648207	2015	81.2986	Eurostat.
2017.Q2.G.01	IT_USE_ii99	Proportion of individuals using the Internet	204	2.339933594	9.65401646	BEN	Benin	1	ANNUAL	PERCENT	0.2252478514734	0.3634178900161	0.7029455951039	0.9513271149157	1.1825409651899	1.2710314394711	1.537854346247	1.79	1.85	2.24	3.13	4.1483230656251	4.5	4.9	6	6.787702956098	5.26720520434462	2015	6.787702956098	ITU estimate.
2017.Q2.G.01	IT_USE_ii99	Proportion of individuals using the Internet	208	9.326571283	56.03829721	DNK	Denmark	1	ANNUAL	PERCENT	39.1724308555053	42.9575247201878	64.25	76.26	80.93	82.74	86.65	85.03	85.02	86.84	88.72	89.8100133895232	92.2600117153012	94.6297	95.99	96.3305	93.8040450209649	2015	96.3305	Eurostat.
2017.Q2.G.01	IT_USE_ii99	Proportion of individuals using the Internet	212	-61.3493756	15.43391378	DMA	Dominica	1	ANNUAL	PERCENT	8.8148441976288	13.2452280386761	18.4248927671241	23.6204198529629	30.3196130921568	38.5436432637571	39.39817430347	40.2744630071599	41.16	42.02	47.45	48.6	49.8	51	57.5	67.6	54.9	2015	67.6	ITU estimate.
2017.Q2.G.01	IT_USE_ii99	Proportion of individuals using the Internet	214	-70.49847576	18.89832088	DOM	Dominican Republic	1	ANNUAL	PERCENT	3.7046923558769	4.4293906966665	6.8237257325842	7.8983929371639	8.8655534607044	11.4831977789344	14.8449283654589	17.66	20.82	27.72	31.4	38	42.32	45.9	49.58	54.2157663369785	46.0031532673957	2015	54.2157663369785	Oficina Nacional de Estadistica
2017.Q2.G.01	IT_USE_ii99	Proportion of individuals using the Internet	218	-78.37005241	-1.447785891	ECU	Ecuador	1	ANNUAL	PERCENT	1.4621885355646	2.6704436737671	4.2607969151976	4.460228344727	4.8344426375953	5.9942551609733	7.2	10.8	18.8	24.6	29.03	31.3668083587433	35.1351464545516	40.279121941	45.5903906666095	48.9404337892669	40.2623802420343	2015	48.9404337892669	Instituto Nacional de Estadistica y Censos
2017.Q2.G.01	IT_USE_ii99	Proportion of individuals using the Internet	222	-88.86862995	13.73603564	SLV	El Salvador	1	ANNUAL	PERCENT	1.1773972691448	1.5	1.9	2.5	3.2	4.2	5.5	6.11	10.08	12.11	15.9	18.9	20.3213877242007	23.1093	24.7617121459061	26.915075328277	22.8014950396768	2015	26.915075328277	ITU estimate.
2017.Q2.G.01	IT_USE_ii99	Proportion of individuals using the Internet	226	10.46535826	1.565792376	GNQ	Equatorial Guinea	1	ANNUAL	PERCENT	0.1323546651238	0.1652604228831	0.321197997152	0.5205242720468	0.843930284607	1.1497896706181	1.2791935963569	1.5571230594354	1.82	2.13	6	11.5	13.9431821913076	16.4	18.86	21.319999985207	16.4046364353029	2015	21.319999985207	ITU estimate.
2017.Q2.G.01	IT_USE_ii99	Proportion of individuals using the Internet	231	39.63505296	8.631223181	ETH	Ethiopia	1	ANNUAL	PERCENT	0.0152637672083	0.0371623810687	0.0724022618698	0.1058116588026	0.1553345207947	0.2196598189995	0.3105926568562	0.37	0.45	0.54	0.75	1.1	2.9	4.6	7.7	11.6	5.58	2015	11.6	ITU estimate.
2017.Q2.G.01	IT_USE_ii99	Proportion of individuals using the Internet	232	38.11074289	16.12894644	ERI	Eritrea	1	ANNUAL	PERCENT	0.1367119411045	0.157815289303	0.2270901376267					0.41	0.47	0.54	0.61	0.7	0.8	0.9	0.99	1.083733115675	0.894746623135	2015	1.083733115675	ITU estimate.
2017.Q2.G.01	IT_USE_ii99	Proportion of individuals using the Internet	233	25.84093481	58.68487172	EST	Estonia	1	ANNUAL	PERCENT	28.5769538105646	31.5274897673756	41.52	45.32	53.2	61.45	63.51	66.19	70.58	72.5	74.1	76.5	78.3899259259259	80.0043	84.24	88.4066	81.5081651851852	2015	88.4066	Eurostat.
2017.Q2.G.01	IT_USE_ii99	Proportion of individuals using the Internet	234	-7.122044325	62.21228119	FRO	Faroe Islands	1	ANNUAL	PERCENT	32.916392363397	43.2469835228993	53.2992218313613	58.9126409695337	66.5335994677312	67.9026317413939	69.359445124439	75.98	75.57	75.18	75.2	80.7321728	85.3351892392109	90	93.3	94.2	88.7134724078422	2015	94.2	ITU estimate.
2017.Q2.G.01	IT_USE_ii99	Proportion of individuals using the Internet	238	-58.75246778	-51.74562601	FLK	Falkland Islands (Malvinas)	1	ANNUAL	PERCENT	58.6206896551724	64.603876232574	64.1458474004051	64.0161725067385	67.3174015483002	84.005376344086	87.1021775544389	90.06	92.96	95.84	95.84	96.38	96.9230425709516	96.9	97.6	98.3050567595459	97.2216198660995	2015	98.3050567595459	ITU estimate.
2017.Q2.G.01	IT_USE_ii99	Proportion of individuals using the Internet	239	-36.90662765	-54.20736749	SGS	South Georgia and the South Sandwich Islands	1	ANNUAL	PERCENT																				
2017.Q2.G.01	IT_USE_ii99	Proportion of individuals using the Internet	242	177.9660884	-17.83301566	FJI	Fiji	1	ANNUAL	PERCENT	1.4968547339902	1.8579785936093	6.1526497001199	6.7254347382155	7.4129434854202	8.4536366337136	9.6000384001536	10.8978310454645	13	17	20	28	33.7423567521104	37.1	41.8	46.32872894627	37.3942171396761	2015	46.32872894627	ITU estimate.
2017.Q2.G.01	IT_USE_ii99	Proportion of individuals using the Internet	246	23.308447	61.91586738	FIN	Finland	1	ANNUAL	PERCENT	37.2484617371121	43.1053633522263	62.43	69.22	72.39	74.48	79.66	80.78	83.67	82.49	86.89	88.70999491353	89.879997974222	91.5144	92.38	92.6513	91.0271385775504	2015	92.6513	Eurostat.
2017.Q2.G.01	IT_USE_ii99	Proportion of individuals using the Internet	248	19.80945969	60.1544901	ALA	Åland Islands	1	ANNUAL	PERCENT																				
2017.Q2.G.01	IT_USE_ii99	Proportion of individuals using the Internet	250	2.457288129	46.62660861	FRA	France	1	ANNUAL	PERCENT	14.3079239430677	26.3259035521688	30.18	36.14	39.15	42.87	46.87	66.09	70.68	71.58	77.28	77.8199989926706	81.44	81.9198	83.75	84.6945	81.9248597985341	2015	84.6945	Eurostat.
2017.Q2.G.01	IT_USE_ii99	Proportion of individuals using the Internet	254	-53.23619089	3.922673437	GUF	French Guiana	1	ANNUAL	PERCENT	9.6873410670606	11.62398726011	13.9242409896237	16.5509877202349	19.4983785558885	20.793314454324	22.0642549476693	23.3139361384661	24.5344140591279	25.7034092470231								2009	25.7034092470231	ITU estimate.
2017.Q2.G.01	IT_USE_ii99	Proportion of individuals using the Internet	258	-149.4052367	-17.67709294	PYF	French Polynesia	1	ANNUAL	PERCENT	6.3570635452072	6.2515889455237	8.2002164857152	14.1242937853107	17.8845374263753	21.5421854743002	25.1079642462589	28.59	33.87	44.6	49	49	52.8766305867993	56.8	60.68	64.560209747212	56.7833680668023	2015	64.560209747212	ITU estimate.
2017.Q2.G.01	IT_USE_ii99	Proportion of individuals using the Internet	260	69.64849091	-49.6068576	ATF	French Southern Territories	1	ANNUAL	PERCENT																				
2017.Q2.G.01	IT_USE_ii99	Proportion of individuals using the Internet	262	42.18274707	11.56004161	DJI	Djibouti	1	ANNUAL	PERCENT	0.1945005284	0.3435262629642	0.4869717045189	0.6259402293999	0.7813171750687	0.9536114493006	1.2700411591932	1.62	2.26	4	6.5	7	8.2672328920452	9.5	10.71	11.9224314345	9.47993286530904	2015	11.9224314345	ITU estimate.
2017.Q2.G.01	IT_USE_ii99	Proportion of individuals using the Internet	266	11.78727747	-0.60687619	GAB	Gabon	1	ANNUAL	PERCENT	1.2161406182859	1.3476202215963	1.9395301061621	2.6595865938599	2.9790698003502	4.8932647497241	5.4892008028014	5.7670045756258	6.21	6.7	7.23	8	8.6167144892467	9.2	20	23.5	13.8633428978493	2015	23.5	ITU estimate.
2017.Q2.G.01	IT_USE_ii99	Proportion of individuals using the Internet	268	43.3713615	42.04813028	GEO	Georgia	1	ANNUAL	PERCENT	0.4847462985405	0.9923444361382	1.5878756298033	2.5588164806849	3.8862213535027	6.0794576286979	7.5268768448783	8.26	10.01	20.07	26.9	31.52	36.94	43.3	44	47.5697596438736	40.6659519287747	2015	47.5697596438736	National Statistics Office of Georgia (Geostat)
2017.Q2.G.01	IT_USE_ii99	Proportion of individuals using the Internet	270	-15.39944785	13.45295927	GMB	Gambia	1	ANNUAL	PERCENT	0.9217949190664	1.336791166484	1.796779882965	2.436781193062	3.3080034781294	3.7990011388223	5.2376911584122	6.2050374185242	6.88	7.63	9.2	10.8703	12.4492287209242	14	16.5	17.119820502123	14.1878698446094	2015	17.119820502123	ITU estimate.
2017.Q2.G.01	IT_USE_ii99	Proportion of individuals using the Internet	275	35.25694122	31.94347933	PSE	State of Palestine	1	ANNUAL	PERCENT	1.1113062070897	1.8368548391788	3.1000922351252	4.1306163563292	4.4009048260322	16.005	18.41	21.176	24.358	32.23	37.4	41.08	43.4	46.6	53.67	57.42419241388	48.434838482776	2015	57.42419241388	ITU estimate.
2017.Q2.G.01	IT_USE_ii99	Proportion of individuals using the Internet	276	10.3806066	51.08862743	DEU	Germany	1	ANNUAL	PERCENT	30.2163466048889	31.650939416316	48.82	55.9	64.73	68.71	72.16	75.16	78	79	82	81.26999953602	82.3499984738392	84.17	86.19	87.5898	84.3139596019718	2015	87.5898	Eurostat.
2017.Q2.G.01	IT_USE_ii99	Proportion of individuals using the Internet	288	-1.205623522	7.964825185	GHA	Ghana	1	ANNUAL	PERCENT	0.1536152976258	0.2000080603248	0.8302840338187	1.1930579109833	1.716797703895	1.8311974610462	2.7231759731399	3.85	4.27	5.44	7.8	9	10.6	12.3	18.9	23.478128435343	14.8556256870686	2015	23.478128435343	ITU estimate.
2017.Q2.G.01	IT_USE_ii99	Proportion of individuals using the Internet	292	-5.347561686	36.13895036	GIB	Gibraltar	1	ANNUAL	PERCENT	19.1316381248919	21.171109436031	23.670239745714	28.3257797920554	32.8860826098395	39.0701308849385	45.29864751181	51.61	58	65.07	65	65	65.017				65.0085	2012	65.017	ITU estimate.
2017.Q2.G.01	IT_USE_ii99	Proportion of individuals using the Internet	296	-157.5643005	1.768837732	KIR	Kiribati	1	ANNUAL	PERCENT	1.7852254739774	2.3374589483772	2.5	3	3.5	4	4.5	6	7	8.97	9.07	10	10.7467976841839	11.5	12.25	12.99748389414	11.4988563156648	2015	12.99748389414	ITU estimate.
2017.Q2.G.01	IT_USE_ii99	Proportion of individuals using the Internet	300	22.58307827	39.47301873	GRC	Greece	1	ANNUAL	PERCENT	9.138837307768	10.9350258080278	14.67	17.8	21.42	24	32.25	35.88	38.2	42.4	44.4	51.6499951676815	55.0699934418411	59.8663	63.21	66.835	59.3262577219045	2015	66.835	Eurostat.
2017.Q2.G.01	IT_USE_ii99	Proportion of individuals using the Internet	304	-41.39371316	74.75625681	GRL	Greenland	1	ANNUAL	PERCENT	31.7478112321162	35.4641368915684	44.154789028418	54.5342598293605	56.0990147610533	57.7034045008656	59.361687268664	61.07	62.82	62.83	63	64	64.8960100995989	65.8	66.7	67.600443481006	65.799290716121	2015	67.600443481006	ITU estimate.
2017.Q2.G.01	IT_USE_ii99	Proportion of individuals using the Internet	308	-61.68248568	12.11238395	GRD	Grenada	1	ANNUAL	PERCENT	4.0639079914631	5.12810398217	14.7588405454867	18.6451821830564	19.5706205843787	20.4878048780488	21.3959911692909	22.29	23.18	24.05	27	30	32	35	51.6	53.81	40.482	2015	53.81	ITU estimate.
2017.Q2.G.01	IT_USE_ii99	Proportion of individuals using the Internet	312	-61.64762115	16.14416917	GLP	Guadeloupe	1	ANNUAL	PERCENT	5.8252517673814	9.2004149387137	11.3506089601707	14.1221724832832	17.5089816643284	18.6602387632433	19.8284296101644	21.0158225311283	22.217668439047	23.4214179197483								2009	23.4214179197483	ITU estimate.
2017.Q2.G.01	IT_USE_ii99	Proportion of individuals using the Internet	316	144.7029305	13.35485404	GUM	Guam	1	ANNUAL	PERCENT	16.1131270423389	25.3802275337398	31.1922942556271	33.7166817880876	36.1617878387908	38.559877557558	43.8514430048178	46.1504736192355	48.4187021509296	50.6420283820435	54.04	57.7	61.5341593079002	65.4	69.27	73.139999947043	65.4088318509886	2015	73.139999947043	ITU estimate.
2017.Q2.G.01	IT_USE_ii99	Proportion of individuals using the Internet	320	-91.2312746	15.00273719	GTM	Guatemala	1	ANNUAL	PERCENT	0.7123329045089	1.7382017815873	3.391746270245	4.5488549084832	5.1	5.7	6.5	7.3	8.3	9.3	10.5	12.3	16	19.7	23.4	27.100000000275	19.700000000055	2015	27.100000000275	ITU estimate.
2017.Q2.G.01	IT_USE_ii99	Proportion of individuals using the Internet	324	-11.28173419	11.00210343	GIN	Guinea	1	ANNUAL	PERCENT	0.0954249236064	0.1755418684911	0.4020227487444	0.4509603708428	0.5088193323029	0.5422541809966	0.637492122988	0.7800252790592	0.92	0.94	1	1.3	1.4901443657189	1.6	1.72	4.7	2.16202887314378	2015	4.7	ITU estimate.
2017.Q2.G.01	IT_USE_ii99	Proportion of individuals using the Internet	328	-58.97322037	4.788012784	GUY	Guyana	1	ANNUAL	PERCENT	6.6114915657202	13.2069864958563						13.8	18.2	23.9	29.9	31	33	35	37.35	38.2	34.91	2015	38.2	ITU estimate.
2017.Q2.G.01	IT_USE_ii99	Proportion of individuals using the Internet	332	-72.33640958	18.40426539	HTI	Haiti	1	ANNUAL	PERCENT	0.2312707146288	0.3408323261738	0.8934329883379	1.6473583455778	5.401261907622	6.3762016350494	6.7960004805295	7.2	7.6	8.1	8.37	9	9.8	10.6	11.4	12.197766377036	10.5995532754072	2015	12.197766377036	ITU estimate.
2017.Q2.G.01	IT_USE_ii99	Proportion of individuals using the Internet	334	73.52633626	-53.09106147	HMD	Heard Island and McDonald Islands	1	ANNUAL	PERCENT																				
2017.Q2.G.01	IT_USE_ii99	Proportion of individuals using the Internet	336	12.45315803	41.90343751	VAT	Holy See	1	ANNUAL	PERCENT																				
2017.Q2.G.01	IT_USE_ii99	Proportion of individuals using the Internet	340	-86.59974381	14.82243161	HND	Honduras	1	ANNUAL	PERCENT	1.2038559989188	1.4152819312371	2.5974025974026	4.8	5.6	6.5	7.8	9.4	9.6	9.8	11.09	15.9	18.12	17.8	19.08	20.356867428881	18.2513734857762	2015	20.356867428881	ITU estimate.
2017.Q2.G.01	IT_USE_ii99	Proportion of individuals using the Internet	344	114.0266445	22.41749934	HKG	China, Hong Kong Special Administrative Region	1	ANNUAL	PERCENT	27.8277606812581	38.6714032309569	43.0823830278909	52.2000433497404	56.3998803935333	56.9	60.8	64.8	66.7	69.4	72	72.2	72.9	74.2	79.8662704309064	84.9483529634062	76.8229246788625	2015	84.9483529634062	Census and Statistics Department
2017.Q2.G.01	IT_USE_ii99	Proportion of individuals using the Internet	348	19.41221519	47.1651448	HUN	Hungary	1	ANNUAL	PERCENT	6.9996763506292	14.5285543028277	16.67	21.63	27.74	38.97	47.06	53.3	61	62	65	68.0199878861296	70.579998153838	72.6439	75.6531974544103	72.8347	71.9463566988756	2015	72.8347	Eurostat.
2017.Q2.G.01	IT_USE_ii99	Proportion of individuals using the Internet	352	-19.02116966	64.79134763	ISL	Iceland	1	ANNUAL	PERCENT	44.470533824288	49.3929953676426	79.12	83.14	83.88	87	89.51	90.6	91	93	93.39	94.8196868008949	96.2097995545657	96.5468	98.16	98.2	96.7872572710921	2015	98.2	ITU estimate.
2017.Q2.G.01	IT_USE_ii99	Proportion of individuals using the Internet	356	79.3608464	22.34642074	IND	India	1	ANNUAL	PERCENT	0.5275324499309	0.6601463770099	1.5378755817508	1.6864899706363	1.9761364919056	2.3880749999577	2.8054998653425	3.95	4.38	5.12	7.5	10.07	12.5800609138955	15.1	21	26	16.9500121827791	2015	26	ITU estimate.
2017.Q2.G.01	IT_USE_ii99	Proportion of individuals using the Internet	360	113.9174	-0.994582204	IDN	Indonesia	1	ANNUAL	PERCENT	0.9255638644669	2.0186138594846	2.1341357329581	2.3870197795948	2.6002858763341	3.6020247625965	4.7648131336666	5.786274729342	7.917479384929	6.92	10.92	12.28	14.52	14.94	17.14	21.9760677113476	16.1712135422695	2015	21.9760677113476	BPS-Statistics Indonesia
2017.Q2.G.01	IT_USE_ii99	Proportion of individuals using the Internet	364	54.19766348	32.74370885	IRN	Iran (Islamic Republic of)	1	ANNUAL	PERCENT	0.9341900199598	1.4842213316336	4.6261751149221	6.9337219530405	7.49	8.1	8.76	9.47	12.02	13.8	15.9	19	22.73	29.95	39.35	45.3349758846986	31.2729951769397	2015	45.3349758846986	Statistical Centre of Iran (SCI)
2017.Q2.G.01	IT_USE_ii99	Proportion of individuals using the Internet	368	43.76606267	33.05013795	IRQ	Iraq	1	ANNUAL	PERCENT		0.1	0.5	0.6	0.9	0.9	0.9523442438392	0.93	1	1.06	2.5	5	7.1	9.2	13.21	17.22	10.346	2015	17.22	ITU estimate.
2017.Q2.G.01	IT_USE_ii99	Proportion of individuals using the Internet	372	-7.121425272	53.25274054	IRL	Ireland	1	ANNUAL	PERCENT	17.8504672405807	23.1388121904053	25.85	34.31	36.99	41.61	54.82	61.158324551	65.34	67.38	69.85	74.8899729670944	76.919992540097	78.2477	79.69	80.1224	77.9740131014383	2015	80.1224	Eurostat.
2017.Q2.G.01	IT_USE_ii99	Proportion of individuals using the Internet	376	34.62277992	31.06164552	ISR	Israel	1	ANNUAL	PERCENT	20.8737899981674	17.3786238639049	17.7645990630493	19.5933936579649	22.7704855254035	25.1940424216829	27.8810744577346	48.1280621948445	59.39	63.12	67.5	68.8738779907441	70.8	70.250311945	75.0177531628076	77.3520896572253	72.4588065511554	2015	77.3520896572253	Israel Central Bureau of Statistics
2017.Q2.G.01	IT_USE_ii99	Proportion of individuals using the Internet	380	12.57022427	42.79917282	ITA	Italy	1	ANNUAL	PERCENT	23.1108742441037	27.2221169788811	28.04	29.04	33.24	35	37.99	40.79	44.53	48.83	53.68	54.3899983018814	55.829997993283	58.4593	61.96	65.5716	59.2421792590329	2015	65.5716	Eurostat.
2017.Q2.G.01	IT_USE_ii99	Proportion of individuals using the Internet	384	-5.552690016	7.62211586	CIV	Côte d'Ivoire	1	ANNUAL	PERCENT	0.2314616706128	0.3957477022464	0.4979293607533	0.7586696294522	0.8492824147477	1.03923820514	1.5249007912253	1.8	1.9	2	2.7	2.9	5	8.4	14.6	21	10.38	2015	21	ITU estimate.
2017.Q2.G.01	IT_USE_ii99	Proportion of individuals using the Internet	388	-77.31068409	18.15616857	JAM	Jamaica	1	ANNUAL	PERCENT	3.1157780272997	3.8630203874764	6.1	7.8	10	12.8	16.4	21.1	23.6	24.3	27.67	37.438613414848	33.79	37.1	40.4027351046672	42.2212211907441	38.1905139420519	2015	42.2212211907441	Statistical Institute of Jamaica (STATIN)
2017.Q2.G.01	IT_USE_ii99	Proportion of individuals using the Internet	392	139.2716103	36.6554539	JPN	Japan	1	ANNUAL	PERCENT	29.9907403589142	38.5320608612719	46.5942011179917	48.4352658899653	62.3939296327259	66.9210661042901	68.6852703213795	74.3	75.4	78	78.21	79.0541135244739	79.4964	88.219428911	89.1068330166075	91.0580283929962	85.3869607690155	2015	91.0580283929962	Ministry of Internal Affairs and Communications
2017.Q2.G.01	IT_USE_ii99	Proportion of individuals using the Internet	398	66.65359159	48.01963494	KAZ	Kazakhstan	1	ANNUAL	PERCENT	0.6685944026213	1.0061242109974	1.6747709951637	2.0004147526587	2.6503946570164	2.9617074915009	3.2683690511598	4.02	11	18.2	31.6	50.6	53.3156691222464	63	66	70.82993359566	60.7491205435813	2015	70.82993359566	Ministry of National Economy of the Republic of Kazakhstan
2017.Q2.G.01	IT_USE_ii99	Proportion of individuals using the Internet	400	37.13024774	30.65365973	JOR	Jordan	1	ANNUAL	PERCENT	2.6232754215636	4.7057195809416	6.025532411912	8.4660050162394	11.6587413706379	12.9328520457507	13.8671087882097	20	23	26	27.2	34.9	37	41.4	46.2	53.4	42.58	2015	53.4	ITU estimate.
2017.Q2.G.01	IT_USE_ii99	Proportion of individuals using the Internet	404	37.86096816	0.534797278	KEN	Kenya	1	ANNUAL	PERCENT	0.318059713612	0.6197822661514	1.2077738849213	2.9419028610152	3.0235280420962	3.101897702485	7.5337897198037	7.95	8.67	10.04	14	28	32.1	39	43.4	45.6228006060586	37.6245601212117	2015	45.6228006060586	ITU estimate.
2017.Q2.G.01	IT_USE_ii99	Proportion of individuals using the Internet	408	127.1803633	40.1462645	PRK	Democratic People's Republic of Korea	1	ANNUAL	PERCENT	0	0	0	0	0	0	0	0	0	0	0	0	0				0	2012	0	ITU estimate.
2017.Q2.G.01	IT_USE_ii99	Proportion of individuals using the Internet	410	127.8610254	36.45201023	KOR	Republic of Korea	1	ANNUAL	PERCENT	44.7	56.6	59.4	65.5	72.7	73.5	78.1	78.8	81	81.6	83.7	83.7591201534472	84.07	84.77	87.5568264944747	89.6486308572401	85.9609155010324	2015	89.6486308572401	Ministry of Science, ICT and Future Planning
2017.Q2.G.01	IT_USE_ii99	Proportion of individuals using the Internet	414	47.49305029	29.53949468	KWT	Kuwait	1	ANNUAL	PERCENT	6.7313957683754	8.5517924343148	10.2489679289296	22.4029383804612	22.9271120360078	25.9261083689107	28.7911979549612	34.8	42	50.8	61.4	65.7690706867398	70.45	75.46	78.7	82.0791147627883	74.4916370899056	2015	82.0791147627883	ITU estimate.
2017.Q2.G.01	IT_USE_ii99	Proportion of individuals using the Internet	417	74.52324839	41.46204516	KGZ	Kyrgyzstan	1	ANNUAL	PERCENT	1.0414011446936	3.0029413271924	2.9992651800309	3.9087662682852	5.0903853073286	10.5338013405507	12.3069069959465	14.03	15.7	16	16.3	17.5	19.8	23	28.3	30.247042775311	23.7694085550622	2015	30.247042775311	ITU estimate.
2017.Q2.G.01	IT_USE_ii99	Proportion of individuals using the Internet	418	101.9901968	20.27482773	LAO	Lao People's Democratic Republic	1	ANNUAL	PERCENT	0.1110440322901	0.1816644606546	0.2678992413093	0.3339124664286	0.361434490258	0.8503574902889	1.1698934277226	1.64	3.55	6	7	9	10.747676189122	12.5	14.26	18.2	12.9415352378244	2015	18.2	ITU estimate.
2017.Q2.G.01	IT_USE_ii99	Proportion of individuals using the Internet	422	35.89391711	33.92152458	LBN	Lebanon	1	ANNUAL	PERCENT	7.9527437363528	6.7832197752772	7	8	9	10.14	15	18.74	22.53	30.14	43.68	52	61.249785718304	70.5	73	74	66.1499571436608	2015	74	ITU estimate.
2017.Q2.G.01	IT_USE_ii99	Proportion of individuals using the Internet	426	28.25362195	-29.58041814	LSO	Lesotho	1	ANNUAL	PERCENT	0.211806070362	0.2611500630939	1.0839431373753	1.5324965901951	2.175524339311	2.5802454841945	2.9797081872449	3.4454312597087	3.58	3.72	3.86	4.2248	4.5896176299671	5	11	16.071707703394	8.17722506667222	2015	16.071707703394	ITU estimate.
2017.Q2.G.01	IT_USE_ii99	Proportion of individuals using the Internet	428	26.42461876	56.64196636	LVA	Latvia	1	ANNUAL	PERCENT	6.3190620826786	7.2193458083629	21.94	26.98	38.58	46	53.63	59.17	63.41	66.84	68.42	69.7499545592245	73.1199437663748	75.2344	75.83	79.2006	74.6269796651199	2015	79.2006	Eurostat.
2017.Q2.G.01	IT_USE_ii99	Proportion of individuals using the Internet	430	-9.311879038	6.448381009	LBR	Liberia	1	ANNUAL	PERCENT	0.0177027057169	0.0338122271776	0.0327133071191	0.031868934545	0.031011184804			0.5513765805554	0.53	2	2.3	2.5	2.6	3.2	5.41	5.903867602799	3.9227735205598	2015	5.903867602799	ITU estimate.
2017.Q2.G.01	IT_USE_ii99	Proportion of individuals using the Internet	434	18.0295985	27.04042819	LBY	Libya	1	ANNUAL	PERCENT	0.1870426223376	0.3665331752842	2.2444182216595	2.8145179874086	3.5328381615455	3.9177879771029	4.30105178913	4.7219993785051	9	10.8	14	14		16.5	17.76	19.016079781565	16.8190199453913	2015	19.016079781565	ITU estimate.
2017.Q2.G.01	IT_USE_ii99	Proportion of individuals using the Internet	438	9.552985019	47.14167005	LIE	Liechtenstein	1	ANNUAL	PERCENT	36.5152298938015	45.1168526483592	59.4707106749926	58.8096918372148	64.0074481394199	63.3713561470216	64.2141613630526	65.080218443168	70	75	80	85	89.4077	93.8	95.21	96.6411950959488	92.0117790191898	2015	96.6411950959488	ITU estimate.
2017.Q2.G.01	IT_USE_ii99	Proportion of individuals using the Internet	440	23.90517807	55.33680309	LTU	Lithuania	1	ANNUAL	PERCENT	6.4270674947777	7.1793569938137	17.69	25.91	31.23	36.22	43.9	49.9	55.22	59.76	62.12	63.6399774002179	67.2299893276414	68.4529	72.13	71.378	68.5661733455719	2015	71.378	Eurostat.
2017.Q2.G.01	IT_USE_ii99	Proportion of individuals using the Internet	442	6.092656563	49.77679538	LUX	Luxembourg	1	ANNUAL	PERCENT	22.8873279731211	36.163422506306	39.84	54.55	65.88	70	72.51	78.92	82.23	87.31	90.62	90.0298585646936	91.9499237417387	93.7765	94.67	97.3341	93.5520764612865	2015	97.3341	Eurostat.
2017.Q2.G.01	IT_USE_ii99	Proportion of individuals using the Internet	446	113.5665388	22.1237259	MAC	China, Macao Special Administrative Region	1	ANNUAL	PERCENT	13.6085897418451	22.5212167700561	25.1718801643395	25.7421239826498	31.4840973824121	34.8629271733959	46.4	47.327	49.24	54	55.198	60.2036967182195	61.31	65.8	69.78	77.6001318608868	66.9387657158213	2015	77.6001318608868	Statistics and Census Service
2017.Q2.G.01	IT_USE_ii99	Proportion of individuals using the Internet	450	46.6982339	-19.38514785	MDG	Madagascar	1	ANNUAL	PERCENT	0.1963946910063	0.2225115861783	0.3397201545961	0.4232524192778	0.5253536549467	0.5677218022374	0.6075522388604	0.65	1.65	1.63	1.7	1.9	2.3	3	3.7	4.173972190007	3.0147944380014	2015	4.173972190007	ITU estimate.
2017.Q2.G.01	IT_USE_ii99	Proportion of individuals using the Internet	454	33.4884625	-13.40819859	MWI	Malawi	1	ANNUAL	PERCENT	0.1267809447564	0.1640207253308	0.2150947265226	0.2788151163023	0.3475053349676	0.3844893340828	0.4251374896066	0.9658647365531	0.7	1.07	2.26	3.33	4.3506	5.05	5.83	9.2981483471244	5.57174966942488	2015	9.2981483471244	ITU estimate.
2017.Q2.G.01	IT_USE_ii99	Proportion of individuals using the Internet	458	116.8346314	5.452415309	MYS	Malaysia	1	ANNUAL	PERCENT	21.3847311644538	26.6959725007084	32.3382043389359	34.9711523397291	42.2522656295248	48.629170245984	51.6379889864403	55.7	55.8	55.9	56.3	61	65.8	57.05751226	63.6654258813225	71.0640678111957	63.7174011905036	2015	71.0640678111957	Department of Statistics, Malaysia (DOSM)
2017.Q2.G.01	IT_USE_ii99	Proportion of individuals using the Internet	462	73.09672546	-0.614385021	MDV	Maldives	1	ANNUAL	PERCENT	2.2038729393788	3.6172906493037	5.3477651689359	5.9765928498856	6.5882548753086	6.8696050669622	11.0363527828647	16.3	23.2	24.8	26.53	34	38.9301	44.1	49.28	54.461955146942	44.1544110293884	2015	54.461955146942	ITU estimate.
2017.Q2.G.01	IT_USE_ii99	Proportion of individuals using the Internet	466	-3.522016039	17.35311254	MLI	Mali	1	ANNUAL	PERCENT	0.1425457550492	0.1858974132561	0.2270455784917	0.3103644432306	0.432819639901	0.5070631359522	0.7296272808331	0.81	1.57	1.8	2	2.2	2.8	3.5	7	10.33692498389	5.167384996778	2015	10.33692498389	ITU estimate.
2017.Q2.G.01	IT_USE_ii99	Proportion of individuals using the Internet	470	14.44617519	35.89194275	MLT	Malta	1	ANNUAL	PERCENT	13.1137087111024	17.8778483243348	28.92	31.64	34.62	41.24	40.41	46.9	50.08	58.86	63	68.0198237885462	68.1998742928975	68.9138	73.17	76.184	70.8974996162887	2015	76.184	Eurostat.
2017.Q2.G.01	IT_USE_ii99	Proportion of individuals using the Internet	474	-60.91544135	14.56086108	MTQ	Martinique	1	ANNUAL	PERCENT	7.7908519816032	10.3094112037526	15.3528860867029	20.3325903465944	27.7843028792115	32.6526511440987	34.9911647309054	37.3295904197339	39.6683724066801	42.004348685511								2009	42.004348685511	ITU estimate.
2017.Q2.G.01	IT_USE_ii99	Proportion of individuals using the Internet	478	-10.33187259	20.26089546	MRT	Mauritania	1	ANNUAL	PERCENT	0.1920314624348	0.2614485519672	0.3632294146086	0.4240048958432	0.481470438231	0.6699664748776	0.979661252732	1.4336131958679	1.87	2.28	4	4.5	5	6.2	10.7	15.199126690825	8.319825338165	2015	15.199126690825	ITU estimate.
2017.Q2.G.01	IT_USE_ii99	Proportion of individuals using the Internet	480	57.568022	-20.28581998	MUS	Mauritius	1	ANNUAL	PERCENT	7.2815351149939	8.7809040189204	10.252624671916	12.1871062041308	13.6890885885342	15.1722287524914	16.7	20.22	21.81	22.51	28.33	34.95	35.42	40.116825135	44.8032753683379	50.1393184766711	41.0858837960018	2015	50.1393184766711	Statistics Mauritius
2017.Q2.G.01	IT_USE_ii99	Proportion of individuals using the Internet	484	-102.5148166	23.93378032	MEX	Mexico	1	ANNUAL	PERCENT	5.0813841533807	7.0380231165045	11.9	12.9	14.1	17.21	19.52	20.81	21.71	26.34	31.05	37.1762954125184	39.75	43.46	44.39	57.4310429923633	44.4414676809763	2015	57.4310429923633	Instituto Nacional de Estadística y Geografía (INEGI)
2017.Q2.G.01	IT_USE_ii99	Proportion of individuals using the Internet	492	7.424214814	43.73532918	MCO	Monaco	1	ANNUAL	PERCENT	42.1848634460346	46.6461423640265	48.0471171729696	49.4911689195459	52.4901966838546	55.4648260561427	61.4760397135217	64.3776824034335	67.25	70.1	75	80.3	87	90.7	92.4	93.3633020180933	88.7526604036187	2015	93.3633020180933	ITU estimate.
2017.Q2.G.01	IT_USE_ii99	Proportion of individuals using the Internet	496	103.0728057	46.83892054	MNG	Mongolia	1	ANNUAL	PERCENT	1.2556520035811	1.6532382390698	2.0395726034818					9	9.8	10	10.2	12.4999911084745	16.4	17.699984237	19.9424474349209	21.4360311065255	17.5956907773842	2015	21.4360311065255	National Statistical Office of Mongolia
2017.Q2.G.01	IT_USE_ii99	Proportion of individuals using the Internet	498	28.4650624	47.20236795	MDA	Republic of Moldova	1	ANNUAL	PERCENT	1.2828464167002	1.4878129521557	3.7872427988734	7.407544584159	10.629390841654	14.6302704551796	19.6206477051634	20.45	23.39	27.5	32.3	38	43.37	45	46.6	49.8369395415	44.5613879083	2015	49.8369395415	ITU estimate.
2017.Q2.G.01	IT_USE_ii99	Proportion of individuals using the Internet	499	19.25214024	42.78717043	MNE	Montenegro	1	ANNUAL	PERCENT					25.3500686036232	27.1	28.9	30.8	32.9	35.1	37.5	35.6115412460109	56.8387825490631	60.31	61	68.1195810359317	56.3759809662011	2015	68.1195810359317	Statistical Office of Montenegro
2017.Q2.G.01	IT_USE_ii99	Proportion of individuals using the Internet	500	-62.19261223	16.73558313	MSR	Montserrat	1	ANNUAL	PERCENT							25.9112109172569	20.4255319148936	20.32	20.26	35	54.5509955302723					54.5509955302723	2011	54.5509955302723	Statistics Department
2017.Q2.G.01	IT_USE_ii99	Proportion of individuals using the Internet	504	-6.281942841	31.8440131	MAR	Morocco	1	ANNUAL	PERCENT	0.6937912448055	1.3714381009642	2.3732531924154	3.3533666812236	11.6079347729582	15.0844445240204	19.7711915653115	21.5	33.1	41.3	52	46.107482597	55.4160531914894	56	56.8	57.08	54.2807071576979	2015	57.08	Agence Nationale de Réglementation des Télécommunications
2017.Q2.G.01	IT_USE_ii99	Proportion of individuals using the Internet	508	38.18479941	-14.27963886	MOZ	Mozambique	1	ANNUAL	PERCENT	0.1095925300416	0.1600319466441	0.2596126112537	0.4195388439137	0.6794478353924	0.8543571181075	0.8429544880442	0.91	1.56	2.68	4.17	4.3	4.8491	5.4	5.94	9	5.89782	2015	9	ITU estimate.
2017.Q2.G.01	IT_USE_ii99	Proportion of individuals using the Internet	512	57.87743482	21.98805614	OMN	Oman	1	ANNUAL	PERCENT	3.520421416511	5.8938415214867	6.8733960391855	7.2557429453656	6.7588521702453	6.6835814202052	8.299716672503	16.68	20	26.8	35.8278	48	60	66.45	70.22	74.174165970433	63.7688331940866	2015	74.174165970433	ITU estimate.
2017.Q2.G.01	IT_USE_ii99	Proportion of individuals using the Internet	516	17.21907885	-22.13817068	NAM	Namibia	1	ANNUAL	PERCENT	1.644739547269	2.41697944171	2.6336997687612	3.359839885538	3.8047156152631	4.0100466444238	4.3988706473273	4.835610778337	5.3290037720895	6.5	11.6	12	12.9414	13.9	14.84	22.3070147912325	15.1976829582465	2015	22.3070147912325	ITU estimate.
2017.Q2.G.01	IT_USE_ii99	Proportion of individuals using the Internet	520	166.92313	-0.528742623	NRU	Nauru	1	ANNUAL	PERCENT		2.9871552325003										54					54	2011	54	Nauru Bureau of Statistics
Government Ministry of Finance
2017.Q2.G.01	IT_USE_ii99	Proportion of individuals using the Internet	524	83.94678863	28.25866332	NPL	Nepal	1	ANNUAL	PERCENT	0.204651683653	0.2400153033757	0.3129560601085	0.382810917017	0.449843651216	0.8265512659055	1.1413891638819	1.41	1.73	1.97	7.93	9	11.1493	13.3	15.44	17.58161800656	13.294183601312	2015	17.58161800656	ITU estimate.
2017.Q2.G.01	IT_USE_ii99	Proportion of individuals using the Internet	528	5.331480568	51.86728884	NLD	Netherlands	1	ANNUAL	PERCENT	43.984351373138	49.3730621073123	61.29	64.35	68.52	81	83.7	85.82	87.42	89.63	90.72	91.4199957622284	92.859992359525	93.9564	93.17	93.0965	92.9005776243507	2015	93.0965	Eurostat.
2017.Q2.G.01	IT_USE_ii99	Proportion of individuals using the Internet	530	-68.30676179	12.22720635	ANT	Netherlands Antilles	1	ANNUAL	PERCENT																				
2017.Q2.G.01	IT_USE_ii99	Proportion of individuals using the Internet	531	-68.95033464	12.15058042	CUW	Curaçao	1	ANNUAL	PERCENT																				
2017.Q2.G.01	IT_USE_ii99	Proportion of individuals using the Internet	533	-69.97050586	12.50878756	ABW	Aruba	1	ANNUAL	PERCENT	15.4428229480349	17.1	18.8	20.8	23	25.4	28	30.9	52	58	62	69	74	78.9	83.78	88.661226932496	78.8682453864992	2015	88.661226932496	ITU estimate.
2017.Q2.G.01	IT_USE_ii99	Proportion of individuals using the Internet	534	-63.06198692	18.03926508	SXM	Sint Maarten (Dutch part)	1	ANNUAL	PERCENT																				
2017.Q2.G.01	IT_USE_ii99	Proportion of individuals using the Internet	540	165.5067368	-21.41742531	NCL	New Caledonia	1	ANNUAL	PERCENT	13.9395488232698	18.2371097828416	22.389797417113	26.4083344703588	30.2980462088488	32.3590147531561	33.5157146807209	35.05	34.51	33.99	42	50	58	66	70	74.00175279141	63.600350558282	2015	74.00175279141	ITU estimate.
2017.Q2.G.01	IT_USE_ii99	Proportion of individuals using the Internet	548	167.0679779	-15.34445547	VUT	Vanuatu	1	ANNUAL	PERCENT	2.1083368911518	2.8305722387768	3.5100387107126	3.9032958454295	4.7466026191753	5.0823338076845	5.8505850585059	6.8	7.2691199233749	7.5	8	9.2	10.598	11.3	18.8	22.351404582536	14.4498809165072	2015	22.351404582536	ITU estimate.
2017.Q2.G.01	IT_USE_ii99	Proportion of individuals using the Internet	554	170.4755673	-43.98721568	NZL	New Zealand	1	ANNUAL	PERCENT	47.3795565432096	53.2410152941279	59.0807532812931	60.9625398663824	61.8476278106481	62.7202123689541	69	69.76	72.03	79.7	80.46	81.23	81.644470179502	82.78	85.5	88.22288881795	83.8754717994904	2015	88.22288881795	ITU estimate.
2017.Q2.G.01	IT_USE_ii99	Proportion of individuals using the Internet	558	-85.03060315	12.84210839	NIC	Nicaragua	1	ANNUAL	PERCENT	0.9802164866924	1.4487994282072	1.7147295842867	1.880412532423	2.3206646086394	2.566351176562	2.8055730627337	3.9	5.3	7.3	10	10.6	13.5	15.5	17.6	19.704291498993	15.3808582997986	2015	19.704291498993	ITU estimate.
2017.Q2.G.01	IT_USE_ii99	Proportion of individuals using the Internet	562	9.400167877	17.42143036	NER	Niger	1	ANNUAL	PERCENT	0.0362612938066	0.105185431397	0.1271524687796	0.155698703669	0.1899337337031	0.2213413514874	0.2940339770962	0.3903906197621	0.7	0.76	0.83	1.3	1.4077	1.7	1.95	2.220165349673	1.7155730699346	2015	2.220165349673	ITU estimate.
2017.Q2.G.01	IT_USE_ii99	Proportion of individuals using the Internet	566	8.097363256	9.585789025	NGA	Nigeria	1	ANNUAL	PERCENT	0.0640808079494	0.0899013704573	0.3204619755423	0.5585762448605	1.2861376413453	3.5491557179649	5.5450360830054	6.77	15.86	20	24	28.43	32.8	38	42.68	47.442550294429	37.8705100588858	2015	47.442550294429	ITU estimate.
2017.Q2.G.01	IT_USE_ii99	Proportion of individuals using the Internet	570	-169.8601693	-19.05000475	NIU	Niue	1	ANNUAL	PERCENT	26.5111346765642	32.6619488296135	39.1498881431767	43.1282346175963	47.3372781065089	51.7031630170316	56.25	61.014771997431	65.9195781147001	74.4752877454299	76.97	79.56					79.56	2011	79.56	ITU estimate.
2017.Q2.G.01	IT_USE_ii99	Proportion of individuals using the Internet	574	167.9515548	-29.03230018	NFK	Norfolk Island	1	ANNUAL	PERCENT																				
2017.Q2.G.01	IT_USE_ii99	Proportion of individuals using the Internet	578	11.47846389	61.34311134	NOR	Norway	1	ANNUAL	PERCENT	52	64	72.84	78.13	77.69	81.99	82.55	86.93	90.57	92.08	93.39	93.4899826515194	94.6499780533304	95.0534	96.3	96.8103	95.26073214097	2015	96.8103	Eurostat.
2017.Q2.G.01	IT_USE_ii99	Proportion of individuals using the Internet	580	145.7582114	15.19099517	MNP	Northern Mariana Islands	1	ANNUAL	PERCENT																				
2017.Q2.G.01	IT_USE_ii99	Proportion of individuals using the Internet	581	-162.4343752	5.874443968	UMI	US Minor Outlying Islands	1	ANNUAL	PERCENT																				
2017.Q2.G.01	IT_USE_ii99	Proportion of individuals using the Internet	583	158.225216	6.880670092	FSM	Micronesia, Federated States of	1	ANNUAL	PERCENT	3.7348621369014	4.6605271988367	5.5700997047847	9.2325021003942	11.0178673081514	11.8813690993008	12.7503392500979	13.6211327333981	14.49	15.35	20	22.8	25.9744230029883	27.8	29.65	31.501081275309	27.5451008556595	2015	31.501081275309	ITU estimate.
2017.Q2.G.01	IT_USE_ii99	Proportion of individuals using the Internet	584	171.0839119	7.110213497	MHL	Marshall Islands	1	ANNUAL	PERCENT	1.5342717962487	1.7066140776699	2.3354445752293	2.5697503671072	3.5997768138375	3.8787023977433	3.7955902142783	3.95	4.6	5.6	7	10	12.5	14	16.8	19.282441803511	14.5164883607022	2015	19.282441803511	ITU estimate.
2017.Q2.G.01	IT_USE_ii99	Proportion of individuals using the Internet	585	134.5733878	7.502307591	PLW	Palau	1	ANNUAL	PERCENT																				
2017.Q2.G.01	IT_USE_ii99	Proportion of individuals using the Internet	586	68.80479684	29.36491634	PAK	Pakistan	1	ANNUAL	PERCENT		1.3185507792563	2.5774267368383	5.041158125925	6.1643209853416	6.3323290983078	6.5	6.8	7	7.5	8	9	9.96	10.9	13.8	18	12.332	2015	18	Pakistan Bureau of Statistics
2017.Q2.G.01	IT_USE_ii99	Proportion of individuals using the Internet	591	-81.26616623	8.450965746	PAN	Panama	1	ANNUAL	PERCENT	6.5547964772955	7.2683998778873	8.518077815156	9.9874240772341	11.1408625409415	11.4840092783071	17.3495661695931	22.29	33.82	39.08	40.1	42.7	40.3018952210488	44.03	44.92	51.2054249948687	44.6314640431835	2015	51.2054249948687	CONTRALORIA GENERAL - INSTITUTO NACIONAL DE ESTADÌSTICA Y CENSO
2017.Q2.G.01	IT_USE_ii99	Proportion of individuals using the Internet	598	145.8587761	-6.756057077	PNG	Papua New Guinea	1	ANNUAL	PERCENT	0.8352493024276	0.9041035451708	1.3216569348661	1.374404668028	1.5079127722725	1.7161904755678	1.754487260668	1.7905593614025	1.15	1.61	1.28	2	3.5	5.1	6.5	7.9	5	2015	7.9	ITU estimate.
2017.Q2.G.01	IT_USE_ii99	Proportion of individuals using the Internet	600	-60.54854225	-21.70216237	PRY	Paraguay	1	ANNUAL	PERCENT	0.7476307115482	1.0987938356933	1.7949695977024	2.1119420821003	3.4524384313708	7.9070078614129	7.9620738839442	11.21	14.27	18.9	19.8	24.7635158793993	29.34	36.9	43	48.438687953859	36.4884407666517	2015	48.438687953859	Dirección de Encuestas a Hogares, DGEEC
2017.Q2.G.01	IT_USE_ii99	Proportion of individuals using the Internet	604	-71.82093277	-13.58939705	PER	Peru	1	ANNUAL	PERCENT	3.0764306113768	7.5787629571742	8.9669491704003	11.6	14.1	17.1	20.7	25.2	30.57	31.4	34.77	36.01	38.2	39.2	40.2	40.9	38.902	2015	40.9	Instituto Nacional de Estadistica e Informatica
2017.Q2.G.01	IT_USE_ii99	Proportion of individuals using the Internet	608	120.8601418	14.16591706	PHL	Philippines	1	ANNUAL	PERCENT	1.9822531960583	2.5240056600827	4.3322757464301	4.8576722670851	5.2436284521711	5.3976363293955	5.740586325347	5.97	6.22	9	25	29	36.2351	37	39.69	40.7	36.52502	2015	40.7	ITU estimate.
2017.Q2.G.01	IT_USE_ii99	Proportion of individuals using the Internet	612	-128.3225873	-24.37538456	PCN	Pitcairn	1	ANNUAL	PERCENT																				
2017.Q2.G.01	IT_USE_ii99	Proportion of individuals using the Internet	616	19.40660158	52.1226733	POL	Poland	1	ANNUAL	PERCENT	7.2854287080601	9.9006697073534	21.15	24.87	32.53	38.81	44.58	48.6	53.13	58.97	62.32	61.94999896898	62.3099972714691	62.8492	66.6	67.997	64.3412392480898	2015	67.997	Eurostat.
2017.Q2.G.01	IT_USE_ii99	Proportion of individuals using the Internet	620	-7.961599811	39.68509315	PRT	Portugal	1	ANNUAL	PERCENT	16.4304676923534	18.0871365595338	19.37	29.67	31.78	34.99	38.01	42.09	44.13	48.27	53.3	55.2499968797194	60.3399974868057	62.0956	64.59	68.6329	62.181698873305	2015	68.6329	Eurostat.
2017.Q2.G.01	IT_USE_ii99	Proportion of individuals using the Internet	624	-14.40182514	12.11760394	GNB	Guinea-Bissau	1	ANNUAL	PERCENT	0.2301031705916	0.2995691446777	1.0229932343612	1.354197477629	1.8081422034299	1.9013653161088	2.0571967045036	2.20630223745	2.3548887108793	2.3032805917258	2.45	2.672	2.8939906208553	3.1	3.32	3.540706917021	3.10533950757526	2015	3.540706917021	ITU estimate.
2017.Q2.G.01	IT_USE_ii99	Proportion of individuals using the Internet	626	125.9451052	-8.797497247	TLS	Timor-Leste	1	ANNUAL	PERCENT			0			0.0990317678179	0.1166282765256	0.1409587639232	0.1638768156186	0.1852515097998	0.21	0.9	2.3	8	11.3	13.4	7.18	2015	13.4	ITU estimate.
2017.Q2.G.01	IT_USE_ii99	Proportion of individuals using the Internet	630	-66.47591017	18.22753799	PRI	Puerto Rico	1	ANNUAL	PERCENT	10.4746482089399	15.6300309162012	17.5476475654777	19.7070256578252	22.1307382347014	23.4000504486583	25.4424182102582	27.86	38	41.5	45.3	48	68.9999826014151	68.999990004	76.1338597201667	79.46876882531	68.3205202301784	2015	79.46876882531	ITU estimate.
2017.Q2.G.01	IT_USE_ii99	Proportion of individuals using the Internet	634	51.19152467	25.28355379	QAT	Qatar	1	ANNUAL	PERCENT	4.8636791787516	6.1702685609391	10.2261289281118	19.242336421002	20.701647851169	24.733493781051	28.9741127135829	37	44.3	53.1	69	69	69.3	85.3	91.49	92.8848264535481	81.5949652907096	2015	92.8848264535481	Ministry Of Transport and Communications
2017.Q2.G.01	IT_USE_ii99	Proportion of individuals using the Internet	638	55.53171398	-21.13183266	REU	Réunion	1	ANNUAL	PERCENT	13.8165630194164	16.3043921315004	20.0457042055887	23.6681722253999	25.8899676375405	28.0570374064075	30.176722430735	32.2529424607507	34.2874636461044	36.2792047598317								2009	36.2792047598317	ITU estimate.
2017.Q2.G.01	IT_USE_ii99	Proportion of individuals using the Internet	642	24.98481009	45.83893563	ROU	Romania	1	ANNUAL	PERCENT	3.6137172913978	4.5386690289531	6.58	8.9	15	21.5	24.66	28.3	32.42	36.6	39.93	40.0099967810008	45.8799942529424	49.7645	54.08	55.7632	49.0995382067886	2015	55.7632	Eurostat.
2017.Q2.G.01	IT_USE_ii99	Proportion of individuals using the Internet	643	99.01404926	61.61899849	RUS	Russian Federation	1	ANNUAL	PERCENT	1.9772301089765	2.9443677866499	4.1282718179664	8.2988606155391	12.8593889008474	15.2266731976522	18.0232774617216	24.66	26.83	29	43	49	63.8	67.97	70.52	70.0992412263947	64.2778482452789	2015	70.0992412263947	Federal State Statistics Service (Rosstat)
2017.Q2.G.01	IT_USE_ii99	Proportion of individuals using the Internet	646	29.92310194	-1.999842114	RWA	Rwanda	1	ANNUAL	PERCENT	0.0628314595107	0.2406724098324	0.2927847187926	0.3569184672724	0.4308542433701	0.5560411648395		2.1153871782575	4.5	7.7	8	7	8.0238542769477	9	10.6	18	10.5247708553895	2015	18	ITU estimate.
2017.Q2.G.01	IT_USE_ii99	Proportion of individuals using the Internet	652	-62.83173536	17.89513362	BLM	Saint Barthélemy	1	ANNUAL	PERCENT																				
2017.Q2.G.01	IT_USE_ii99	Proportion of individuals using the Internet	654	-5.705752501	-15.96503946	SHN	Saint Helena	1	ANNUAL	PERCENT	5.9218318199763	7.9888156580787	10.1255569056298	12.3380629241209	14.6229371213704	15.9100551548579	17.2265288544358	18.57	18.82	19.07	24.94	33	37.6				35.3	2012	37.6	ITU estimate.
2017.Q2.G.01	IT_USE_ii99	Proportion of individuals using the Internet	659	-62.76628613	17.33994219	KNA	Saint Kitts and Nevis	1	ANNUAL	PERCENT	5.8628102403752	7.7147265558032	21.152381758186	22.9697842928439	24.7376775443732	34	38.5	43.5	49.2	55.7	63	63.2	64	64.6	68	75.7	67.1	2015	75.7	ITU estimate.
2017.Q2.G.01	IT_USE_ii99	Proportion of individuals using the Internet	660	-63.05651612	18.21525315	AIA	Anguilla	1	ANNUAL	PERCENT	22.4054490051981	25.8843830888697	24.8036378668871	24.5233763151649	25.0436366395993	29	36	41	44	48	49.6	53.64	59.2149831732415	64.8	70.39	75.979999963375	64.8049966273233	2015	75.979999963375	ITU estimate.
2017.Q2.G.01	IT_USE_ii99	Proportion of individuals using the Internet	662	-60.96529553	13.89405601	LCA	Saint Lucia	1	ANNUAL	PERCENT	5.0904833413933	8.1818639544837	14.6418357746777	20.9824734633424	21.395212362765	21.5675829464215	24.5	27.9	32	36	43.3	44	45.9	46.2	50	52.35	47.69	2015	52.35	ITU estimate.
2017.Q2.G.01	IT_USE_ii99	Proportion of individuals using the Internet	663	-63.04505461	18.0882685	MAF	Saint Martin (French Part)	1	ANNUAL	PERCENT																				
2017.Q2.G.01	IT_USE_ii99	Proportion of individuals using the Internet	666	-56.33682442	46.85812735	SPM	Saint Pierre and Miquelon	1	ANNUAL	PERCENT																				
2017.Q2.G.01	IT_USE_ii99	Proportion of individuals using the Internet	670	-61.19024321	13.24627968	VCT	Saint Vincent and the Grenadines	1	ANNUAL	PERCENT	3.2450374106456	5.0948097783295	5.5495948795738	6.4622741665974	7.3711658420175	9.198278082343	12	16	21	31	33.7	36.7	40	43.5	47.4	51.77	43.874	2015	51.77	ITU estimate.
2017.Q2.G.01	IT_USE_ii99	Proportion of individuals using the Internet	674	12.46329038	43.93841766	SMR	San Marino	1	ANNUAL	PERCENT	48.7994953055999	50.3416690898517	50.8348399446985	50.003453038674	50.5663430420712	50.2595641966736	50.2086593635889	50.3648221088655	54.52	54.21		49.6					49.6	2011	49.6	Direzione Generale Poste e Telecomunicazioni
2017.Q2.G.01	IT_USE_ii99	Proportion of individuals using the Internet	678	6.609772265	0.241554875	STP	Sao Tome and Principe	1	ANNUAL	PERCENT	4.6385168164075	6.3109178879462	7.580665168911	10.1618443069961	13.3228526892178	13.759484215906	14.1820197774712	14.5904831987414	15.48	16.41	18.75	20.1612	21.5724	23	24.41	25.822248798856	22.9931697597712	2015	25.822248798856	ITU estimate.
2017.Q2.G.01	IT_USE_ii99	Proportion of individuals using the Internet	682	44.54763347	24.12594211	SAU	Saudi Arabia	1	ANNUAL	PERCENT	2.2106918090889	4.6810531658103	6.3847050195593	8.0015828909088	10.2345329969583	12.7050359882849	19.4595543513634	30	36	38	41	47.5	54	60.5	64.713657369019	69.6162358014004	59.2659786340839	2015	69.6162358014004	Communications & IT Commission
2017.Q2.G.01	IT_USE_ii99	Proportion of individuals using the Internet	686	-14.46636926	14.35920905	SEN	Senegal	1	ANNUAL	PERCENT	0.403967485869	0.983794058848	1.0064545367232	2.1014364298669	4.3860239800856	4.7866840831054	5.6117386521795	6.89	7.12	7.5	8	9.8	10.8	13.1	17.7	21.690264133037	14.6180528266074	2015	21.690264133037	ITU estimate.
2017.Q2.G.01	IT_USE_ii99	Proportion of individuals using the Internet	688	20.805876	44.03145697	SRB	Serbia	1	ANNUAL	PERCENT					23.5	26.3	27.2	33.15	35.6	38.1	40.9	42.2	48.1	53.450364175	62.0750804639377	65.3170254003801	54.2284940078636	2015	65.3170254003801	Statistical Office of the Republic of Serbia
2017.Q2.G.01	IT_USE_ii99	Proportion of individuals using the Internet	690	55.46561591	-4.678053059	SYC	Seychelles	1	ANNUAL	PERCENT	7.3956291831528	11.0151029300174	14.3041708309972	14.5925043169492	24.2721392249906	25.4132681462836	34.95197117065	38.38	40.44		41	43.16400446	47.076	50.4	54.26	58.118697567706	50.6037404055412	2015	58.118697567706	ITU estimate.
2017.Q2.G.01	IT_USE_ii99	Proportion of individuals using the Internet	694	-11.78306584	8.568604164	SLE	Sierra Leone	1	ANNUAL	PERCENT	0.1182542456822	0.160264445493	0.1761989568141	0.1901732816682	0.2030076805926	0.2153916103401	0.2276694671908	0.2398346985462	0.25	0.26	0.58	0.9	1.3	1.7	2.1	2.5	1.7	2015	2.5	ITU estimate.
2017.Q2.G.01	IT_USE_ii99	Proportion of individuals using the Internet	702	103.8107883	1.361009155	SGP	Singapore	1	ANNUAL	PERCENT	36	41.6704251756041	47	53.8379432881911	62	61	59	69.9	69	69	71	71	72	80.90205685	79.0292358633435	82.103	77.0068585426687	2015	82.103	ITU estimate.
2017.Q2.G.01	IT_USE_ii99	Proportion of individuals using the Internet	703	19.48495604	48.70741446	SVK	Slovakia	1	ANNUAL	PERCENT	9.4268032006164	12.5283218484637	40.14	43.04	52.89	55.19	56.08	61.8	66.05	70	75.71	74.4399971746757	76.7099901181121	77.8826	79.98	77.6347057236807	77.3294586032937	2015	77.6347057236807	Eurostat
2017.Q2.G.01	IT_USE_ii99	Proportion of individuals using the Internet	704	105.802499	10.09643079	VNM	Viet Nam	1	ANNUAL	PERCENT	0.2542482757549	1.2656512361232	1.8549992359258	3.7802808137064	7.6424085284236	12.7399292907031	17.2545617186662	20.7554447679753	23.92	26.55	30.65	35.07	39.49	43.9	48.31	52.720000000055	43.898000000011	2015	52.720000000055	ITU estimate.
2017.Q2.G.01	IT_USE_ii99	Proportion of individuals using the Internet	705	14.82209486	46.11958061	SVN	Slovenia	1	ANNUAL	PERCENT	15.1102595640388	30.1759104700854	27.8388854180687	31.8547930120441	40.81	46.81	54.01	56.74	58	64	70	67.3399948092396	68.3499745287825	72.6756	71.59	73.0987	70.6108538676044	2015	73.0987	Eurostat.
2017.Q2.G.01	IT_USE_ii99	Proportion of individuals using the Internet	706	46.20367477	4.406485729	SOM	Somalia	1	ANNUAL	PERCENT	0.02	0.079039178667	0.1156142133545	0.3761980025391	1.0534547435842	1.077327839121	1.1002163680828	1.1222356216138	1.1426873721619	1.1606105424606		1.25	1.3767	1.5	1.63	1.76	1.50334	2015	1.76	ITU estimate.
2017.Q2.G.01	IT_USE_ii99	Proportion of individuals using the Internet	710	24.67184355	-29.99957544	ZAF	South Africa	1	ANNUAL	PERCENT	5.3485597320354	6.3466193183977	6.710322437054	7.0076917261125	8.4251186825406	7.4885425299292	7.6071396747738	8.065375173555	8.43	10	24	33.97	41	46.5	49	51.919115722747	44.4778231445494	2015	51.919115722747	ITU estimate.
2017.Q2.G.01	IT_USE_ii99	Proportion of individuals using the Internet	716	29.86909584	-19.00075492	ZWE	Zimbabwe	1	ANNUAL	PERCENT	0.4014335352116	0.7998460456331	1.1	1.8	2.1	2.4	2.4	3	3.5	4	6.4	8.4	12	15.5	16.3	16.36	13.712	2015	16.36	ITU estimate.
2017.Q2.G.01	IT_USE_ii99	Proportion of individuals using the Internet	724	-3.554078296	40.39211472	ESP	Spain	1	ANNUAL	PERCENT	13.6249608089899	18.1487226902932	20.39	39.93	44.01	47.88	50.37	55.11	59.6	62.4	65.8	67.0899993926581	69.8099999420024	71.635	76.19	78.6896	72.6829198669321	2015	78.6896	Eurostat.
2017.Q2.G.01	IT_USE_ii99	Proportion of individuals using the Internet	728	30.32618773	7.290839152	SSD	South Sudan	1	ANNUAL	PERCENT																				
2017.Q2.G.01	IT_USE_ii99	Proportion of individuals using the Internet	732	-13.13515523	24.66265342	ESH	Western Sahara	1	ANNUAL	PERCENT																				
2017.Q2.G.01	IT_USE_ii99	Proportion of individuals using the Internet	736	29.95650159	16.02643066	SDN	Sudan	1	ANNUAL	PERCENT																				
2017.Q2.G.01	IT_USE_ii99	Proportion of individuals using the Internet	740	-55.90626394	4.132603197	SUR	Suriname	1	ANNUAL	PERCENT	2.5064110522688	3.0644483887375	4.1615687449541	4.7198753952896	6.0760478144456	6.4030862875906	9.4996269417336	14.11	21.06	31.36	31.59	32	34.6812	37.4	40.08	42.763827782511	37.3850055565022	2015	42.763827782511	ITU estimate.
2017.Q2.G.01	IT_USE_ii99	Proportion of individuals using the Internet	744	13.38071013	78.82894131	SJM	Svalbard and Jan Mayen Islands	1	ANNUAL	PERCENT																				
2017.Q2.G.01	IT_USE_ii99	Proportion of individuals using the Internet	748	31.50149288	-26.56471011	SWZ	Swaziland	1	ANNUAL	PERCENT	0.9261917772694	1.2815900504672	1.8162038071264	2.4370738505586	3.2286850731611	3.6969610729182	3.6965387890688	4.1	6.85	8.94	11.04	18.13	20.7817825772944	24.7	27.1	30.382700656117	24.2188966466823	2015	30.382700656117	ITU estimate.
2017.Q2.G.01	IT_USE_ii99	Proportion of individuals using the Internet	752	14.3775338	60.60103109	SWE	Sweden	1	ANNUAL	PERCENT	45.6876522122282	51.7656649372808	70.57	79.13	83.89	84.83	87.76	82.01	90	91	90	92.7699860554046	93.1799880065108	94.7836	92.52	90.6102	92.7727548123831	2015	90.6102	Eurostat.
2017.Q2.G.01	IT_USE_ii99	Proportion of individuals using the Internet	756	8.223158	46.96617097	CHE	Switzerland	1	ANNUAL	PERCENT	47.1	55.1	61.4	65.1	67.8	70.1	75.7	77.2	79.2	81.3	83.9	85.1930281804854	85.2	86.34	87.4	87.4790555978675	86.3224167556706	2015	87.4790555978675	Swiss Federal Statistical Office
2017.Q2.G.01	IT_USE_ii99	Proportion of individuals using the Internet	760	38.50466565	35.01676176	SYR	Syrian Arab Republic (Syria)	1	ANNUAL	PERCENT	0.1816985801043	0.3537591300072	2.0931010186177	3.3979726135662	4.3215937778557	5.6481060488392	7.8325515688879	11.5	14	17.3	20.7	22.5	24.3001	26.2	28.09	29.979797235769	26.2139794471538	2015	29.979797235769	ITU estimate.
2017.Q2.G.01	IT_USE_ii99	Proportion of individuals using the Internet	762	69.294998	38.43069666	TJK	Tajikistan	1	ANNUAL	PERCENT	0.0485995945822	0.0512591325353	0.055462826991	0.0645837771509	0.0774799071357	0.2986900236828	3.7724062066645	7.1976195179786	8.78	10.07	11.55	13.03	14.51	16	17.49	18.980000000495	16.002000000099	2015	18.980000000495	ITU estimate.
2017.Q2.G.01	IT_USE_ii99	Proportion of individuals using the Internet	764	101.0202951	15.13089239	THA	Thailand	1	ANNUAL	PERCENT	3.6890412794416	5.5563261209733	7.5312503348857	9.2990272380597	10.6773033237281	15.0260043588909	17.1607147169285	20.03	18.2	20.1	22.4	23.669925618731	26.46	28.94	34.89	39.3161267365004	30.6552104710463	2015	39.3161267365004	National Statistical Office
2017.Q2.G.01	IT_USE_ii99	Proportion of individuals using the Internet	768	0.97835765	8.532096072	TGO	Togo	1	ANNUAL	PERCENT	0.8	0.9	1	1.2	1.5	1.8	2	2.2	2.4	2.6	3	3.5	4	4.5	5.7	7.12	4.964	2015	7.12	ITU estimate.
2017.Q2.G.01	IT_USE_ii99	Proportion of individuals using the Internet	772	-171.8154473	-9.214545558	TKL	Tokelau	1	ANNUAL	PERCENT				1.4958863126402														2003	1.4958863126402	
2017.Q2.G.01	IT_USE_ii99	Proportion of individuals using the Internet	776	-175.1959991	-21.19511329	TON	Tonga	1	ANNUAL	PERCENT	2.4343980443669	2.8253718391153	2.9072973162638	2.9858173675044	3.9523738945704	4.9077827619038	5.8539440948339	7.1798653290125	8.110769943804	10	16	25	33	35	40	44.999518833326	35.5999037666652	2015	44.999518833326	ITU estimate.
2017.Q2.G.01	IT_USE_ii99	Proportion of individuals using the Internet	780	-61.29389504	10.41877263	TTO	Trinidad and Tobago	1	ANNUAL	PERCENT	7.7214114740175	15.384627218944	21.9986754804449	25.9717641091609	27.0242700782714	28.9767124326784	30.0037485791676	32.3	34.8	44.3	48.5	55.2	59.5162	63.8	65.1	69.198470608693	62.5629341217386	2015	69.198470608693	ITU estimate.
2017.Q2.G.01	IT_USE_ii99	Proportion of individuals using the Internet	784	53.98279159	23.43322219	ARE	United Arab Emirates	1	ANNUAL	PERCENT	23.6253008751553	26.2717542010006	28.3164853110439	29.4779534120864	30.1312961695367	40	52	61	63	64	68	78	84.9999915049492	88	90.4	91.2434057753709	86.528679456064	2015	91.2434057753709	ITU estimate.
2017.Q2.G.01	IT_USE_ii99	Proportion of individuals using the Internet	788	9.572737411	34.11439971	TUN	Tunisia	1	ANNUAL	PERCENT	2.7507402929814	4.2979660347469	5.2528872954842	6.490845795328	8.5288177516259	9.6550865421798	12.9864086534204	17.1	27.53	34.07	36.8	39.1	41.4416	43.8	46.16	48.519835991689	43.8042871983378	2015	48.519835991689	ITU estimate.
2017.Q2.G.01	IT_USE_ii99	Proportion of individuals using the Internet	792	35.42890329	38.9899684	TUR	Turkey	1	ANNUAL	PERCENT	3.761685035075	5.1894814607851	11.38	12.33	14.58	15.46	18.24	28.63	34.37	36.4	39.82	43.065710430925	45.13	46.25	51.04	53.7449791423583	47.8461379146567	2015	53.7449791423583	Turkish Statistical Institution (TurkStat)
2017.Q2.G.01	IT_USE_ii99	Proportion of individuals using the Internet	795	58.9787665	40.0912346	TKM	Turkmenistan	1	ANNUAL	PERCENT	0.1332821825935	0.1752095177314	0.3021320161528	0.4251826318847	0.7540539827246	0.997256558543	1.3195731180963	1.4063606881202	1.75	1.95	3	5	7.1958	9.6	12.2	14.996774820447	9.7985149640894	2015	14.996774820447	ITU estimate.
2017.Q2.G.01	IT_USE_ii99	Proportion of individuals using the Internet	796	-71.745121	21.80780585	TCA	Turks and Caicos Islands	1	ANNUAL	PERCENT																				
2017.Q2.G.01	IT_USE_ii99	Proportion of individuals using the Internet	798	178.6679611	-7.460048071	TUV	Tuvalu	1	ANNUAL	PERCENT	5.2416395848621							10	15	20	25	30	35	37	39.2	42.7	36.78	2015	42.7	ITU estimate.
2017.Q2.G.01	IT_USE_ii99	Proportion of individuals using the Internet	800	32.39100438	1.279557331	UGA	Uganda	1	ANNUAL	PERCENT	0.1637140630749	0.2379450871914	0.3840935049519	0.464849840114	0.719970679914	1.7422055032439	2.5293630382628	3.6719653507474	7.9	9.78	12.5	13.01354333	14.6896	16.2	17.71	19.221099634407	16.1668485928814	2015	19.221099634407	ITU estimate.
2017.Q2.G.01	IT_USE_ii99	Proportion of individuals using the Internet	804	31.40270802	49.00735945	UKR	Ukraine	1	ANNUAL	PERCENT	0.716183762031	1.2387595474811	1.8738851164343	3.1481275881544	3.4894778812677	3.749764414659	4.5061245635738	6.55	11	17.9	23.3	28.7082628400713	35.27	40.954128997	46.2359754571651	48.8846436813218	40.0106021951116	2015	48.8846436813218	State Statistics Service of Ukraine
2017.Q2.G.01	IT_USE_ii99	Proportion of individuals using the Internet	807	21.7007909	41.60048068	MKD	Macedonia, Republic of	1	ANNUAL	PERCENT	2.4855663164007	3.468184608494	17.33	19.07	24.44	26.45	28.62	36.3	46.04	51.77	51.9	56.7	57.449947312961	65.24	68.06	70.3802	63.5660294625922	2015	70.3802	Eurostat.
2017.Q2.G.01	IT_USE_ii99	Proportion of individuals using the Internet	818	29.77468534	26.57438204	EGY	Egypt	1	ANNUAL	PERCENT	0.6412650375048	0.8389456114776	2.7199997146542	4.037885107067	11.92	12.75	13.66	16.03	18.01	20	21.6	25.6	26.4	29.4	33.8946039115275	37.8193834276939	30.6227974678443	2015	37.8193834276939	Central Agency For Public Mobilization And Statistics (CAPMAS)
2017.Q2.G.01	IT_USE_ii99	Proportion of individuals using the Internet	826	-2.23830539	53.27691757	GBR	United Kingdom	1	ANNUAL	PERCENT	26.8217543508578	33.4810948744147	56.48	64.82	65.61	70	68.82	75.09	78.39	83.56	85	85.3799985496322	87.4799984242111	89.8441	91.61	92.0003	89.2628793947687	2015	92.0003	Eurostat.
2017.Q2.G.01	IT_USE_ii99	Proportion of individuals using the Internet	831	-2.200712402	49.71561166	GGY	Guernsey	1	ANNUAL	PERCENT	31.8979266347687	44.4657880226953	53.5714285714286	59.1397849462366	64.5161290322581	73.5710243350311	83.6320191158901					83.632					83.632	2011	83.632	ITU estimate.
2017.Q2.G.01	IT_USE_ii99	Proportion of individuals using the Internet	832	-2.136773508	49.22353354	JEY	Jersey	1	ANNUAL	PERCENT	9.2187139893985	16.0576239304475	19.4063926940639	22.7272727272727	30.6818181818182	31.25	31.8181818181818	32.3863636363636				36	41.03				38.515	2012	41.03	ITU estimate.
2017.Q2.G.01	IT_USE_ii99	Proportion of individuals using the Internet	833	-4.538190305	54.22880901	IMN	Isle of Man	1	ANNUAL	PERCENT																				
2017.Q2.G.01	IT_USE_ii99	Proportion of individuals using the Internet	834	34.80521182	-6.265332606	TZA	Tanzania, United Republic of	1	ANNUAL	PERCENT	0.1171944401083	0.1713003506689	0.2224844139239	0.6769628565103	0.8775749709926	1.1	1.3	1.6	1.9	2.4	2.9	3.2	3.95	4.4	4.86	5.355144064127	4.3530288128254	2015	5.355144064127	ITU estimate.
2017.Q2.G.01	IT_USE_ii99	Proportion of individuals using the Internet	840	-99.13830311	39.5277871	USA	United States of America	1	ANNUAL	PERCENT	43.0791626375201	49.0808315896951	58.7854038836952	61.6971171244207	64.7582564759896	67.968052915002	68.9311932699721	75	74	71	71.69	69.7294607619268	74.7	71.4	73	74.4521827186491	72.6563286961152	2015	74.4521827186491	US Census Bureau
2017.Q2.G.01	IT_USE_ii99	Proportion of individuals using the Internet	850	-64.76960113	17.73297693	VIR	United States Virgin Islands	1	ANNUAL	PERCENT	13.8150805419196	18.3757660397468	27.4944323774436	27.4290729887632	27.3770087880198	27.3443196733265	27.3326105376325	27.3393358364014	27.3617774210613	27.3965096846662	31.22	35.6	40.5479	45.3	50.07	54.839137296	45.2714074592	2015	54.839137296	ITU estimate.
2017.Q2.G.01	IT_USE_ii99	Proportion of individuals using the Internet	854	-1.742843829	12.27491081	BFA	Burkina Faso	1	ANNUAL	PERCENT	0.0770801689426	0.1577324646536	0.200992597925	0.3734403032335	0.4002952854922	0.4699144886567	0.6327075644618	0.75	0.92	1.13	2.4	3	3.7250349159768	9.1	9.4	11.387646166247	7.32253621644476	2015	11.387646166247	ITU estimate.
2017.Q2.G.01	IT_USE_ii99	Proportion of individuals using the Internet	858	-56.01387025	-32.8002838	URY	Uruguay	1	ANNUAL	PERCENT	10.5390577480141	11.1214376832783	11.4194701966853	15.9371367159756	17.0630983403661	20.0881895579305	29.4	34	39.3	41.8	46.4	51.4046610563616	54.453768680746	57.69	61.46	64.6	57.9216859474215	2015	64.6	Instituto Nacional de Estadistica.
2017.Q2.G.01	IT_USE_ii99	Proportion of individuals using the Internet	860	63.11944558	41.77560518	UZB	Uzbekistan	1	ANNUAL	PERCENT	0.4843473076949	0.5975679938758	1.0819397424873	1.91259517785	2.5937254208492	3.3435098882595	6.3883219670681	7.4906046813863	9.0801145234501	11.9	15.9	18.6	23.6	26.8	35.5	42.8	29.46	2015	42.8	ITU estimate.
2017.Q2.G.01	IT_USE_ii99	Proportion of individuals using the Internet	862	-66.15642084	7.121324748	VEN	Venezuela (Bolivarian Republic)	1	ANNUAL	PERCENT	3.3595974645036	4.6360009477868	4.9104463272033	7.4999634652241	8.4044695924122	12.5529979098299	15.2247114771787	20.83	25.88	32.7	37.37	40.22	49.0500830729861	54.9	57	61.869248094278	52.6078662334528	2015	61.869248094278	ITU estimate.
2017.Q2.G.01	IT_USE_ii99	Proportion of individuals using the Internet	876	-176.2034788	-13.28471201	WLF	Wallis and Futuna Islands	1	ANNUAL	PERCENT	4.768067570329	5.0926869016093	5.4178518217527	5.7416914347474	6.0597899272825	6.7042102440333	7.3333333333333	7.95	8.22	6.76	8.16	8.68	8.95				8.815	2012	8.95	ITU estimate.
2017.Q2.G.01	IT_USE_ii99	Proportion of individuals using the Internet	882	-172.4430749	-13.61541469	WSM	Samoa	1	ANNUAL	PERCENT	0.5663925326808	1.6899028305872	2.2448326757844	2.7996304487808	3.075529410449	3.3525921124683	4.4691738732095	4.7499832353533	5.031615316237	6	7	11	12.92249	15.3	21.2	25.407009766593	17.1658999533186	2015	25.407009766593	ITU estimate.
2017.Q2.G.01	IT_USE_ii99	Proportion of individuals using the Internet	887	45.22389143	15.22242099	YEM	Yemen	1	ANNUAL	PERCENT	0.0825003865143	0.0908024587169	0.5187960321234	0.6047341004318	0.8812229886795	1.0485979341783	1.2478240490449	5.01	6.89	9.96	12.35	14.905	17.4465	20	22.55	25.09951439988	20.000202879976	2015	25.09951439988	ITU estimate.
2017.Q2.G.01	IT_USE_ii99	Proportion of individuals using the Internet	894	27.850329	-14.59701056	ZMB	Zambia	1	ANNUAL	PERCENT	0.1910716425034	0.2331295563423	0.4777509069475	0.9804830394261	2.0135495321853	2.8517522612901	4.1599133939311	4.87	5.55	6.31	10	11.5	13.4682	15.4	19	21	16.07364	2015	21	ITU estimate.
